,Open,High,Low,Close,Volume,Dividends,Stock Splits,Ticker,Returns,Log_Returns,Volatility,MA20,MA50,Day_Count
2023-10-03 02:23:41.283563,150.0,151.75,148.31,150.0,78054775,0.0,0.0,AAPL,-0.0019333333333332314,-0.0019352046345104,0.020225612891047823,154.40550000000002,141.665,0
2023-10-04 02:23:41.283563,150.43,150.4,146.94,149.71,54192285,0.0,0.0,AAPL,-0.0019333333333332314,-0.0019352046345104,0.020225612891047823,154.40550000000002,141.665,1
2023-10-05 02:23:41.283563,149.38,152.57,150.45,151.77,42165659,0.0,0.0,AAPL,0.013759935876026974,0.013666127510209158,0.020225612891047823,154.40550000000002,141.665,2
2023-10-06 02:23:41.283563,152.21,157.27,154.89,156.52,69763890,0.0,0.0,AAPL,0.031297357844106255,0.03081758037025734,0.020225612891047823,154.40550000000002,141.665,3
2023-10-09 02:23:41.283563,155.26,158.96,154.28,155.91,94613657,0.0,0.0,AAPL,-0.003897265525172555,-0.003904879653751589,0.020225612891047823,154.40550000000002,141.665,4
2023-10-10 02:23:41.283563,156.27,157.94,153.13,155.31,94685464,0.0,0.0,AAPL,-0.0038483740619588147,-0.0038557981065404957,0.020225612891047823,154.40550000000002,141.665,5
2023-10-11 02:23:41.283563,156.88,162.26,158.78,160.35,50642895,0.0,0.0,AAPL,0.03245122657909971,0.0319358065572441,0.020225612891047823,154.40550000000002,141.665,6
2023-10-12 02:23:41.283563,159.26,163.0,160.15,162.95,64575809,0.0,0.0,AAPL,0.01621453071406287,0.01608447914440651,0.020225612891047823,154.40550000000002,141.665,7
2023-10-13 02:23:41.283563,163.1,162.43,160.08,161.56,40872692,0.0,0.0,AAPL,-0.008530223995090402,-0.008566814588358314,0.020225612891047823,154.40550000000002,141.665,8
2023-10-16 02:23:41.283563,161.02,164.92,162.72,163.45,99672333,0.0,0.0,AAPL,0.011698440207972283,0.011630542475007518,0.020225612891047823,154.40550000000002,141.665,9
2023-10-17 02:23:41.283563,163.8,162.17,159.68,162.08,98583843,0.0,0.0,AAPL,-0.00838176812480862,-0.008417092669846181,0.020225612891047823,154.40550000000002,141.665,10
2023-10-18 02:23:41.283563,162.09,161.53,160.46,160.77,73713169,0.0,0.0,AAPL,-0.008082428430404742,-0.008115268325504674,0.020225612891047823,154.40550000000002,141.665,11
2023-10-19 02:23:41.283563,160.25,164.45,160.24,161.65,85331054,0.0,0.0,AAPL,0.005473658020775041,0.005458731996573531,0.020225612891047823,154.40550000000002,141.665,12
2023-10-20 02:23:41.283563,162.05,156.21,154.46,155.83,78632512,0.0,0.0,AAPL,-0.03600371172285799,-0.03666783471391892,0.020225612891047823,154.40550000000002,141.665,13
2023-10-23 02:23:41.283563,157.23,152.19,149.41,150.94,69486866,0.0,0.0,AAPL,-0.031380350381826405,-0.031883262600800835,0.020225612891047823,154.40550000000002,141.665,14
2023-10-24 02:23:41.283563,150.79,150.33,145.16,149.38,29001099,0.0,0.0,AAPL,-0.010335232542732276,-0.0103890119278018,0.020225612891047823,154.40550000000002,141.665,15
2023-10-25 02:23:41.283563,149.92,146.52,144.89,146.49,59107325,0.0,0.0,AAPL,-0.019346632748694526,-0.01953622818724195,0.020225612891047823,154.40550000000002,141.665,16
2023-10-26 02:23:41.283563,145.54,148.57,144.51,147.57,75608972,0.0,0.0,AAPL,0.007372516895351122,0.007345472733679456,0.020225612891047823,154.40550000000002,141.665,17
2023-10-27 02:23:41.283563,146.87,147.03,143.89,144.96,75814871,0.0,0.0,AAPL,-0.017686521650741915,-0.017844797180688828,0.020225612891047823,154.40550000000002,141.665,18
2023-10-30 02:23:41.283563,145.31,142.52,139.63,140.91,52984196,0.0,0.0,AAPL,-0.0279387417218544,-0.028336453587655876,0.020225612891047823,154.40550000000002,141.665,19
2023-10-31 02:23:41.283563,141.95,146.86,145.27,145.38,95626898,0.0,0.0,AAPL,0.03172237598467098,0.03122961534947586,0.020225612891047823,154.17450000000002,141.665,20
2023-11-01 02:23:41.283563,145.64,146.46,143.99,144.84,37551777,0.0,0.0,AAPL,-0.0037144036318612628,-0.0037213191590488547,0.020232149672650312,153.93099999999998,141.665,21
2023-11-02 02:23:41.283563,144.61,145.46,144.27,145.19,62526958,0.0,0.0,AAPL,0.0024164595415629986,0.0024135445981557963,0.01993998211191243,153.602,141.665,22
2023-11-03 02:23:41.283563,145.19,143.1,139.17,140.99,76816298,0.0,0.0,AAPL,-0.02892761209449679,-0.029354263618326545,0.019175750844907358,152.8255,141.665,23
2023-11-06 02:23:41.283563,140.11,140.75,139.4,139.52,77285185,0.0,0.0,AAPL,-0.010426271366763551,-0.010481005716600175,0.019210884048087417,152.00600000000003,141.665,24
2023-11-07 02:23:41.283563,139.94,143.48,139.43,140.01,73647921,0.0,0.0,AAPL,0.003512041284403633,0.003505888469164398,0.019311656730481016,151.241,141.665,25
2023-11-08 02:23:41.283563,140.63,136.72,136.02,136.54,45646616,0.0,0.0,AAPL,-0.024783944003999747,-0.02509623663969972,0.01763891165421449,150.0505,141.665,26
2023-11-09 02:23:41.283563,136.23,139.75,134.24,137.9,36715492,0.0,0.0,AAPL,0.009960451149846339,0.00991117280912202,0.01724066154423166,148.798,141.665,27
2023-11-10 02:23:41.283563,137.58,136.64,134.96,136.12,72695524,0.0,0.0,AAPL,-0.012907904278462667,-0.012991935166551163,0.017273245960852786,147.526,141.665,28
2023-11-13 02:23:41.283563,136.3,136.44,133.67,135.33,69947658,0.0,0.0,AAPL,-0.005803702615339357,-0.005820609544290676,0.016633563869154707,146.11999999999998,141.665,29
2023-11-14 02:23:41.283563,135.03,136.11,132.76,133.46,38451700,0.0,0.0,AAPL,-0.013818074336806374,-0.013914432612953812,0.016662796596262634,144.689,141.665,30
2023-11-15 02:23:41.283563,133.42,141.62,137.78,139.94,77885435,0.0,0.0,AAPL,0.048553873819870974,0.04741195184229004,0.021135078864583035,143.64749999999998,141.665,31
2023-11-16 02:23:41.283563,141.41,141.25,139.18,140.07,59137899,0.0,0.0,AAPL,0.0009289695583820645,0.0009285383332045752,0.021021395214049377,142.5685,141.665,32
2023-11-17 02:23:41.283563,139.89,137.15,136.11,136.47,75082044,0.0,0.0,AAPL,-0.02570143499678723,-0.026037487400932844,0.020388164652609432,141.60049999999998,141.665,33
2023-11-20 02:23:41.283563,136.23,140.25,138.8,139.57,87802530,0.0,0.0,AAPL,0.022715615153513502,0.022461457270530436,0.020489914888933206,141.03199999999998,141.665,34
2023-11-21 02:23:41.283563,139.12,138.43,135.39,135.41,37729632,0.0,0.0,AAPL,-0.029805832198896542,-0.030259054525820176,0.021268983171416365,140.33350000000002,141.665,35
2023-11-22 02:23:41.283563,135.91,139.03,136.29,136.31,26435865,0.0,0.0,AAPL,0.0066464810575290745,0.006624490588019071,0.021119490835784027,139.8245,141.665,36
2023-11-23 02:23:41.283563,136.19,132.89,128.94,129.68,83432693,0.0,0.0,AAPL,-0.048639131391680746,-0.049861826155331024,0.023226632060432267,138.93,141.665,37
2023-11-24 02:23:41.283563,129.26,127.4,125.37,125.46,70727306,0.0,0.0,AAPL,-0.032541640962369,-0.03308289475882355,0.023843138807261972,137.955,141.665,38
2023-11-27 02:23:41.283563,126.29,126.75,126.09,126.26,77472967,0.0,0.0,AAPL,0.006376534353578878,0.006356290270882405,0.02348355142524589,137.2225,141.665,39
2023-11-28 02:23:41.283563,127.16,129.87,128.21,128.76,87861623,0.0,0.0,AAPL,0.0198004118485664,0.0196069334911278,0.022632575401461522,136.3915,141.665,40
2023-11-29 02:23:41.283563,128.37,130.84,127.03,129.49,85210820,0.0,0.0,AAPL,0.005669462566014527,0.005653451650141527,0.022775080148229713,135.624,141.665,41
2023-11-30 02:23:41.283563,128.29,129.9,127.91,129.29,97069011,0.0,0.0,AAPL,-0.001544520812418071,-0.00154571481428693,0.022721250860947433,134.829,141.665,42
2023-12-01 02:23:41.283563,129.94,129.99,127.55,128.47,65195130,0.0,0.0,AAPL,-0.006342331193441075,-0.006362529222943575,0.02204882635971505,134.203,141.665,43
2023-12-04 02:23:41.283563,128.03,123.9,123.08,123.81,61637172,0.0,0.0,AAPL,-0.036273059858332624,-0.03694728161091809,0.023150136019714874,133.4175,141.665,44
2023-12-05 02:23:41.283563,124.29,122.98,120.46,121.74,55141539,0.0,0.0,AAPL,-0.016719166464744473,-0.016860509366821874,0.023168430169808456,132.504,141.665,45
2023-12-06 02:23:41.283563,120.55,121.74,119.5,120.53,36526828,0.0,0.0,AAPL,-0.009939214719894784,-0.009988938465526091,0.02279373415356394,131.70350000000002,141.665,46
2023-12-07 02:23:41.283563,121.07,124.96,123.58,123.75,67945542,0.0,0.0,AAPL,0.02671534057910896,0.026364716848547496,0.02369990169513234,130.996,141.665,47
2023-12-08 02:23:41.283563,123.0,127.07,122.93,124.93,45775939,0.0,0.0,AAPL,0.009535353535353508,0.00949017899493815,0.023843214956438173,130.4365,141.665,48
2023-12-11 02:23:41.283563,125.39,121.66,119.7,119.92,94098063,0.0,0.0,AAPL,-0.04010245737613072,-0.04092872664939568,0.025175337513414817,129.666,141.665,49
2023-12-12 02:23:41.283563,119.93,122.41,120.14,120.94,68739310,0.0,0.0,AAPL,0.008505670446964597,0.008469701050724528,0.025292205504260572,129.04000000000002,141.0838,50
2023-12-13 02:23:41.283563,120.36,120.8,119.42,120.04,69463013,0.0,0.0,AAPL,-0.007441706631387435,-0.007469534272900442,0.02197999246781383,128.04500000000002,140.49040000000002,51
2023-12-14 02:23:41.283563,119.8,118.38,117.11,118.29,51619349,0.0,0.0,AAPL,-0.014578473842052686,-0.014685784014520902,0.021943915456683255,126.95599999999999,139.8208,52
2023-12-15 02:23:41.283563,118.7,121.22,119.05,120.1,28899201,0.0,0.0,AAPL,0.015301377969397123,0.015185492528292236,0.022135644999128463,126.1375,139.0924,53
2023-12-18 02:23:41.283563,120.17,123.47,121.41,123.11,27380782,0.0,0.0,AAPL,0.02506244796003343,0.024753535573585877,0.02230221502950136,125.3145,138.43640000000002,54
2023-12-19 02:23:41.283563,123.47,127.95,123.15,125.9,56750135,0.0,0.0,AAPL,0.022662659410283448,0.022409676390777834,0.022441995730609437,124.83900000000001,137.8482,55
2023-12-20 02:23:41.283563,127.15,124.64,123.38,123.63,31342403,0.0,0.0,AAPL,-0.018030182684670493,-0.01819470703146593,0.02253916353324007,124.20500000000001,137.1138,56
2023-12-21 02:23:41.283563,122.67,124.93,122.12,122.93,70513521,0.0,0.0,AAPL,-0.005662056135242177,-0.005678146339585939,0.020031345806467617,123.86749999999999,136.3134,57
2023-12-22 02:23:41.283563,123.93,124.19,122.72,124.05,91072975,0.0,0.0,AAPL,0.00911087610835426,0.009069622458560269,0.01887286305039792,123.797,135.5632,58
2023-12-25 02:23:41.283563,124.12,127.34,125.69,127.06,91218611,0.0,0.0,AAPL,0.024264409512293472,0.023974705700577217,0.019619721243472603,123.83700000000002,134.83540000000002,59
2023-12-26 02:23:41.283563,126.49,126.77,125.24,125.8,74428405,0.0,0.0,AAPL,-0.009916574846529191,-0.009966071572047031,0.019201925078299518,123.689,134.1098,60
2023-12-27 02:23:41.283563,124.96,125.59,123.18,125.41,40842387,0.0,0.0,AAPL,-0.0031001589825119247,-0.0031049744303817657,0.019141979079185176,123.48500000000001,133.4026,61
2023-12-28 02:23:41.283563,125.29,122.36,121.2,122.25,89724762,0.0,0.0,AAPL,-0.025197352683199115,-0.025520241480976986,0.01986672570343696,123.13300000000001,132.6146,62
2023-12-29 02:23:41.283563,122.82,118.93,117.84,118.91,91457007,0.0,0.0,AAPL,-0.0273210633946831,-0.027701223905494027,0.020614080820553903,122.655,131.8762,63
2024-01-01 02:23:41.283563,118.83,124.84,120.28,121.39,39749018,0.0,0.0,AAPL,0.020856109662770184,0.020641598460224845,0.019798550046931426,122.53399999999999,131.2852,64
2024-01-02 02:23:41.283563,122.31,126.7,124.18,125.51,80306956,0.0,0.0,AAPL,0.03394019276711435,0.03337693376264263,0.020866470361900716,122.72250000000001,130.8078,65
2024-01-03 02:23:41.283563,124.6,126.35,123.07,125.47,46488966,0.0,0.0,AAPL,-0.00031869970520281843,-0.00031875050074650315,0.020693398746845563,122.9695,130.38739999999999,66
2024-01-04 02:23:41.283563,125.46,129.45,126.23,128.59,85198023,0.0,0.0,AAPL,0.024866501952657938,0.024562362110739165,0.020582016399794786,123.2115,130.0078,67
2024-01-05 02:23:41.283563,127.79,130.98,129.88,129.89,99792842,0.0,0.0,AAPL,0.010109650828213468,0.010058890136844788,0.020593301192852877,123.4595,129.7064,68
2024-01-08 02:23:41.283563,130.12,130.12,126.29,128.02,27251950,0.0,0.0,AAPL,-0.014396797290014418,-0.014501436705335064,0.018514653670874712,123.86449999999999,129.4486,69
2024-01-09 02:23:41.283563,128.59,130.21,129.27,129.33,92302439,0.0,0.0,AAPL,0.01023277612872997,0.010180775713295691,0.018543549907855204,124.28399999999999,129.1276,70
2024-01-10 02:23:41.283563,129.06,134.8,133.82,134.39,71697290,0.0,0.0,AAPL,0.03912471970927056,0.038378743131819576,0.0199635358064023,125.00150000000001,128.9186,71
2024-01-11 02:23:41.283563,132.64,134.94,134.3,134.46,98003696,0.0,0.0,AAPL,0.0005208720886973328,0.0005207364819180884,0.019428647293927927,125.81000000000002,128.704,72
2024-01-12 02:23:41.283563,134.6,139.97,138.81,139.81,59875713,0.0,0.0,AAPL,0.0397887847687044,0.03901760095884255,0.020733275481535886,126.79550000000002,128.6804,73
2024-01-15 02:23:41.283563,140.11,132.69,129.68,131.21,88554094,0.0,0.0,AAPL,-0.061512052070667345,-0.06348526488210889,0.025447661743832572,127.2005,128.5142,74
2024-01-16 02:23:41.283563,131.48,135.02,133.76,133.92,29679555,0.0,0.0,AAPL,0.02065391357366031,0.0204435136235406,0.025371905620375775,127.60149999999999,128.3924,75
2024-01-17 02:23:41.283563,134.75,134.8,133.79,134.39,50145928,0.0,0.0,AAPL,0.003509557945041708,0.0035034138178075018,0.024866453495011594,128.1395,128.3494,76
2024-01-18 02:23:41.283563,133.67,133.65,132.5,133.6,30026240,0.0,0.0,AAPL,-0.005878413572438346,-0.005895759456427368,0.02487114346073911,128.673,128.2634,77
2024-01-19 02:23:41.283563,134.05,134.21,133.44,134.07,98150735,0.0,0.0,AAPL,0.0035179640718563387,0.0035117905109245274,0.024847610578576314,129.17399999999998,128.2224,78
2024-01-22 02:23:41.283563,134.87,130.5,127.53,127.86,86273043,0.0,0.0,AAPL,-0.046319087044081386,-0.04742613627488899,0.02678310825758387,129.214,128.07299999999998,79
2024-01-23 02:23:41.283563,126.72,128.26,126.1,127.36,88941056,0.0,0.0,AAPL,-0.003910527139058373,-0.003918193242507916,0.026691816743732655,129.292,127.95099999999998,80
2024-01-24 02:23:41.283563,127.57,131.18,126.09,128.61,95347392,0.0,0.0,AAPL,0.009814698492462526,0.00976684718192275,0.02674463292620927,129.452,127.7244,81
2024-01-25 02:23:41.283563,128.28,134.42,133.12,133.25,31382761,0.0,0.0,AAPL,0.03607806546924808,0.035442493767958466,0.027021080016608943,130.002,127.58800000000001,82
2024-01-26 02:23:41.283563,133.2,132.48,131.67,131.81,53919819,0.0,0.0,AAPL,-0.010806754221388326,-0.010865571321579531,0.026232937250604712,130.647,127.4948,83
2024-01-29 02:23:41.283563,132.04,129.76,128.88,129.44,30327616,0.0,0.0,AAPL,-0.017980426371292046,-0.018144038414192827,0.026472210145789276,131.04950000000002,127.29220000000001,84
2024-01-30 02:23:41.283563,129.12,128.44,125.34,128.09,40809482,0.0,0.0,AAPL,-0.010429542645240986,-0.010484311467136792,0.025637519221396128,131.17849999999999,127.1458,85
2024-01-31 02:23:41.283563,127.65,132.96,128.9,131.02,42202433,0.0,0.0,AAPL,0.022874541338121723,0.02261684146068567,0.026079601771370732,131.456,127.04,86
2024-02-01 02:23:41.283563,131.04,133.32,131.28,132.23,60183040,0.0,0.0,AAPL,0.009235231262402444,0.009192847265000956,0.0256036919367346,131.63799999999998,127.09100000000001,87
2024-02-02 02:23:41.283563,131.51,133.15,129.38,130.74,45142162,0.0,0.0,AAPL,-0.011268244725100018,-0.011332212384147793,0.02568075241903456,131.6805,127.1966,88
2024-02-05 02:23:41.283563,130.03,133.27,131.62,132.49,32573358,0.0,0.0,AAPL,0.01338534495946142,0.013296552695448167,0.025575614532503024,131.904,127.32119999999999,89
2024-02-06 02:23:41.283563,132.94,133.09,132.95,132.97,37561831,0.0,0.0,AAPL,0.003622914936976196,0.0036163679885825315,0.025506673237901033,132.086,127.40540000000001,90
2024-02-07 02:23:41.283563,132.21,139.37,134.09,136.18,36045667,0.0,0.0,AAPL,0.024140783635406615,0.023854001186206227,0.024551774218321477,132.1755,127.5392,91
2024-02-08 02:23:41.283563,136.64,137.06,130.76,134.12,97980759,0.0,0.0,AAPL,-0.01512703774416213,-0.015242618456792789,0.0248141573986677,132.15849999999998,127.6358,92
2024-02-09 02:23:41.283563,134.43,134.24,131.31,133.29,81946938,0.0,0.0,AAPL,-0.006188487921264585,-0.006207715982101039,0.02301503539978482,131.83249999999998,127.7322,93
2024-02-12 02:23:41.283563,132.14,135.62,129.23,132.24,97582109,0.0,0.0,AAPL,-0.007877560207067202,-0.007908752103157963,0.01839200613779721,131.884,127.9008,94
2024-02-13 02:23:41.283563,131.79,128.98,126.14,127.69,57980536,0.0,0.0,AAPL,-0.034407138535995196,-0.03501300207617901,0.019322142398398946,131.57250000000002,128.0198,95
2024-02-14 02:23:41.283563,128.45,130.74,128.36,128.77,45877636,0.0,0.0,AAPL,0.008457984180437084,0.008422415849102778,0.019430489829625676,131.29149999999998,128.18460000000002,96
2024-02-15 02:23:41.283563,128.14,130.86,128.38,129.74,84871989,0.0,0.0,AAPL,0.007532810437213655,0.007504580499216901,0.019519114896083118,131.0985,128.30440000000002,97
2024-02-16 02:23:41.283563,129.43,132.87,129.69,129.93,49469043,0.0,0.0,AAPL,0.001464467396331104,0.0014633961097356308,0.019497922554507108,130.8915,128.4044,98
2024-02-19 02:23:41.283563,130.23,131.15,127.93,129.37,47453753,0.0,0.0,AAPL,-0.004310013083968278,-0.004319327964834432,0.016422849232089892,130.967,128.5934,99
2024-02-20 02:23:41.283563,129.88,125.58,124.69,125.16,42437949,0.0,0.0,AAPL,-0.032542320476153686,-0.03308359712912918,0.018017765534531785,130.857,128.6778,100
2024-02-21 02:23:41.283563,125.0,124.89,124.06,124.09,34725923,0.0,0.0,AAPL,-0.008549057206775235,-0.008585810014153062,0.017920493709531294,130.631,128.75879999999998,101
2024-02-22 02:23:41.283563,123.72,125.87,122.07,123.26,44234729,0.0,0.0,AAPL,-0.006688693690063641,-0.006711163252431124,0.015582676463925563,130.13150000000002,128.8582,102
2024-02-23 02:23:41.283563,124.13,121.66,120.37,121.1,51648981,0.0,0.0,AAPL,-0.01752393314944034,-0.017679294975050653,0.01581294264040809,129.596,128.8782,103
2024-02-26 02:23:41.283563,122.15,121.92,119.37,120.81,75549565,0.0,0.0,AAPL,-0.0023947151114780407,-0.0023975870275740013,0.015473760470294758,129.1645,128.8322,104
2024-02-27 02:23:41.283563,121.41,122.71,121.28,122.1,29692363,0.0,0.0,AAPL,0.010677924012912676,0.010621317585186345,0.015682431825413724,128.865,128.7562,105
2024-02-28 02:23:41.283563,122.15,128.42,127.73,127.79,40788020,0.0,0.0,AAPL,0.04660114660114667,0.04554791050395299,0.018354735890089242,128.70350000000002,128.8394,106
2024-02-29 02:23:41.283563,127.27,129.66,128.25,128.48,85676773,0.0,0.0,AAPL,0.0053994835276625075,0.005384958577839559,0.01826099307300674,128.51600000000002,128.9504,107
2024-03-01 02:23:41.283563,127.95,131.02,128.46,129.41,36019144,0.0,0.0,AAPL,0.007238480697384864,0.007212408635127239,0.018196988700915656,128.4495,129.0576,108
2024-03-04 02:23:41.283563,129.75,130.21,128.14,129.36,50698385,0.0,0.0,AAPL,-0.00038636890503040977,-0.0003864435647272065,0.017907974570268218,128.293,129.1036,109
2024-03-05 02:23:41.283563,129.63,123.67,122.16,123.45,89849419,0.0,0.0,AAPL,-0.045686456400742204,-0.04676299947766299,0.020446226706113516,127.81700000000001,129.0566,110
2024-03-06 02:23:41.283563,124.32,124.26,121.17,123.54,36619398,0.0,0.0,AAPL,0.0007290400972053135,0.0007287744765645387,0.019424600458620263,127.18500000000002,129.0192,111
2024-03-07 02:23:41.283563,123.95,125.74,122.14,123.9,31205262,0.0,0.0,AAPL,0.0029140359397765714,0.0029097983673436628,0.019332555641982312,126.67400000000002,129.0522,112
2024-03-08 02:23:41.283563,122.97,132.7,130.3,131.54,61340349,0.0,0.0,AAPL,0.06166263115415638,0.059836199238108005,0.0242221554916191,126.58650000000003,129.3048,113
2024-03-11 02:23:41.283563,132.24,132.07,129.65,131.1,47681463,0.0,0.0,AAPL,-0.0033449901170746754,-0.0033505971035508223,0.02416950456285449,126.52950000000001,129.499,114
2024-03-12 02:23:41.283563,130.45,134.73,130.17,132.23,67255627,0.0,0.0,AAPL,0.008619374523264556,0.008582439799077204,0.022838783105542243,126.7565,129.6334,115
2024-03-13 02:23:41.283563,131.97,134.57,131.57,132.3,85285366,0.0,0.0,AAPL,0.00052938062466934,0.0005292405521787139,0.022789427224990198,126.93299999999999,129.77,116
2024-03-14 02:23:41.283563,132.46,130.76,127.64,128.47,35286136,0.0,0.0,AAPL,-0.0289493575207862,-0.029376657077391816,0.023729959610299993,126.86950000000002,129.76760000000002,117
2024-03-15 02:23:41.283563,129.75,135.44,129.92,132.47,68552431,0.0,0.0,AAPL,0.031135673698139632,0.030660790652651874,0.0247469782521059,126.9965,129.8192,118
2024-03-18 02:23:41.283563,134.53,135.64,134.27,135.14,62913157,0.0,0.0,AAPL,0.02015550690722412,0.019955073427858197,0.025060034165267777,127.285,129.9616,119
2024-03-19 02:23:41.283563,135.55,141.24,134.82,138.12,35805908,0.0,0.0,AAPL,0.022051206156578518,0.021811594397763204,0.02399513657630658,127.93300000000002,130.13739999999999,120
2024-03-20 02:23:41.283563,137.99,136.82,131.72,134.99,71799886,0.0,0.0,AAPL,-0.02266145380828266,-0.022922170901055933,0.024620380549834918,128.478,130.1494,121
2024-03-21 02:23:41.283563,135.35,142.92,137.44,140.21,45523031,0.0,0.0,AAPL,0.03866953107637605,0.037940597112304554,0.02560453062300339,129.32549999999998,130.2644,122
2024-03-22 02:23:41.283563,140.83,136.39,133.28,135.01,61587573,0.0,0.0,AAPL,-0.03708722630340211,-0.03779244896388549,0.026921370371605125,130.02100000000002,130.1684,123
2024-03-25 02:23:41.283563,134.79,140.0,136.08,137.48,31170424,0.0,0.0,AAPL,0.018294941115472918,0.018129602212478352,0.026987593300095463,130.8545,130.2938,124
2024-03-26 02:23:41.283563,138.71,147.22,145.59,146.12,59468804,0.0,0.0,AAPL,0.06284550480069839,0.060949749945448724,0.02975808311020103,132.0555,130.5378,125
2024-03-27 02:23:41.283563,146.29,142.7,141.55,142.43,47984760,0.0,0.0,AAPL,-0.025253216534355305,-0.025577550980586915,0.02936999928430993,132.7875,130.6986,126
2024-03-28 02:23:41.283563,142.78,141.62,139.67,140.46,86678590,0.0,0.0,AAPL,-0.013831355753703534,-0.01392790021562038,0.029698274663705435,133.3865,130.8358,127
2024-03-29 02:23:41.283563,140.93,143.7,139.4,141.03,29273404,0.0,0.0,AAPL,0.004058094831268733,0.004049882973274488,0.029693508479164975,133.96750000000003,130.975,128
2024-04-01 02:23:41.283563,141.33,142.99,136.72,139.41,56395545,0.0,0.0,AAPL,-0.01148691767708998,-0.011553401939152197,0.029897090275532112,134.47,131.20600000000002,129
2024-04-02 02:23:41.283563,140.0,134.24,131.83,134.09,59382356,0.0,0.0,AAPL,-0.038160820601104595,-0.038908015473445884,0.02927753911183503,135.002,131.34060000000002,130
2024-04-03 02:23:41.283563,133.68,135.05,133.25,134.5,79375455,0.0,0.0,AAPL,0.0030576478484598546,0.0030529827503429615,0.029266195340085947,135.55,131.4584,131
2024-04-04 02:23:41.283563,134.13,131.43,130.71,131.11,68071568,0.0,0.0,AAPL,-0.025204460966542608,-0.0255275335305832,0.030020212399284783,135.9105,131.41559999999998,132
2024-04-05 02:23:41.283563,130.39,134.47,131.87,132.84,75040925,0.0,0.0,AAPL,0.013195027076500665,0.013108730997235387,0.0268455090242986,135.97549999999998,131.4362,133
2024-04-08 02:23:41.283563,133.13,131.81,129.64,129.96,83278696,0.0,0.0,AAPL,-0.02168021680216803,-0.021918685707646275,0.027304785457211274,135.9185,131.4466,134
2024-04-09 02:23:41.283563,130.47,136.13,131.69,135.28,89665223,0.0,0.0,AAPL,0.040935672514619936,0.04011999378942536,0.02876419309979178,136.071,131.5904,135
2024-04-10 02:23:41.283563,135.58,133.58,132.36,132.86,48540662,0.0,0.0,AAPL,-0.017888823181549274,-0.01805076235322964,0.029090918705638305,136.099,131.62720000000002,136
2024-04-11 02:23:41.283563,133.97,135.05,131.46,132.01,65351702,0.0,0.0,AAPL,-0.006397711877164092,-0.006418264944427063,0.02831150446591477,136.276,131.62279999999998,137
2024-04-12 02:23:41.283563,132.01,136.89,134.69,134.76,88008105,0.0,0.0,AAPL,0.02083175517006297,0.02061774124568401,0.027838169880364676,136.3905,131.7032,138
2024-04-15 02:23:41.283563,135.21,132.28,129.36,130.95,99208834,0.0,0.0,AAPL,-0.028272484416740906,-0.028679847584631254,0.028208347730047486,136.181,131.6724,139
2024-04-16 02:23:41.283563,130.23,133.7,129.74,131.79,91713948,0.0,0.0,AAPL,0.006414662084765155,0.006394175702076962,0.027742869298334694,135.8645,131.6488,140
2024-04-17 02:23:41.283563,131.54,137.19,134.91,135.82,52860044,0.0,0.0,AAPL,0.030578951362015383,0.03012073302984751,0.028204536051735996,135.906,131.6416,141
2024-04-18 02:23:41.283563,136.3,132.14,130.81,131.07,39637488,0.0,0.0,AAPL,-0.03497275806214106,-0.035598948054191136,0.027788025825902573,135.449,131.5806,142
2024-04-19 02:23:41.283563,131.63,133.82,130.23,131.74,61704440,0.0,0.0,AAPL,0.005111772335393505,0.0050987515810928825,0.02664210897953313,135.2855,131.5496,143
2024-04-22 02:23:41.283563,131.55,134.29,131.84,132.6,80623108,0.0,0.0,AAPL,0.006528009716107341,0.00650679453921511,0.026324143618739977,135.04149999999998,131.5568,144
2024-04-23 02:23:41.283563,132.55,136.76,133.5,134.92,61942680,0.0,0.0,AAPL,0.01749622926093508,0.0173449324416873,0.02210713966817471,134.4815,131.7014,145
2024-04-24 02:23:41.283563,133.9,133.23,129.67,131.41,61238564,0.0,0.0,AAPL,-0.02601541654313666,-0.026359803537902807,0.02214678635140664,133.9305,131.7542,146
2024-04-25 02:23:41.283563,131.17,130.49,126.42,127.74,87867281,0.0,0.0,AAPL,-0.02792785937143294,-0.028325258522103592,0.022700720091404242,133.2945,131.7142,147
2024-04-26 02:23:41.283563,128.31,129.68,128.99,129.39,52105283,0.0,0.0,AAPL,0.012916862376702642,0.01283415119441832,0.022961221190570338,132.7125,131.7034,148
2024-04-29 02:23:41.283563,129.76,131.75,127.51,130.4,89484600,0.0,0.0,AAPL,0.0078058582579798585,0.007775550164691227,0.023037343715265307,132.262,131.724,149
2024-04-30 02:23:41.283563,130.73,131.28,129.9,131.25,55510360,0.0,0.0,AAPL,0.006518404907975395,0.006497251979180484,0.021576709630270793,132.11999999999998,131.8458,150
2024-05-01 02:23:41.283563,131.28,133.2,130.15,132.4,49617482,0.0,0.0,AAPL,0.008761904761904749,0.008723742031174696,0.02166856550809941,132.015,132.012,151
2024-05-02 02:23:41.283563,132.4,131.77,130.34,130.57,59049243,0.0,0.0,AAPL,-0.013821752265861131,-0.013918162082960728,0.021130083023488806,131.988,132.1582,152
2024-05-03 02:23:41.283563,130.14,134.59,129.87,131.42,82183521,0.0,0.0,AAPL,0.006509918051619712,0.006488820049774488,0.02096267668854042,131.917,132.3646,153
2024-05-06 02:23:41.283563,131.88,132.83,132.36,132.46,34450152,0.0,0.0,AAPL,0.007913559579972862,0.007882411587111827,0.020413462800775647,132.042,132.5976,154
2024-05-07 02:23:41.283563,132.74,131.24,129.63,130.53,39731441,0.0,0.0,AAPL,-0.014570436358145922,-0.014677627656135018,0.018393096942106578,131.8045,132.7662,155
2024-05-08 02:23:41.283563,130.85,137.51,133.97,135.91,96358361,0.0,0.0,AAPL,0.0412165785643146,0.0403898165665574,0.020292478180182722,131.95700000000002,132.9286,156
2024-05-09 02:23:41.283563,135.55,138.34,135.96,137.51,38161872,0.0,0.0,AAPL,0.011772496505040086,0.011703739767597416,0.0203349346705112,132.232,133.1092,157
2024-05-10 02:23:41.283563,136.03,135.07,133.99,134.06,67579548,0.0,0.0,AAPL,-0.025089084430223174,-0.025409180805041662,0.02071416235573367,132.197,133.2022,158
2024-05-13 02:23:41.283563,134.8,138.85,136.03,136.15,68448584,0.0,0.0,AAPL,0.015590034312994216,0.01546975818995701,0.01987448297175833,132.457,133.338,159
2024-05-14 02:23:41.283563,135.82,135.07,132.41,133.44,61721834,0.0,0.0,AAPL,-0.01990451707675367,-0.020105280509332066,0.02043963652249012,132.5395,133.53779999999998,160
2024-05-15 02:23:41.283563,132.87,136.28,135.58,135.9,73355893,0.0,0.0,AAPL,0.018435251798561314,0.01826738254666156,0.019675187816461735,132.54350000000002,133.785,161
2024-05-16 02:23:41.283563,136.37,140.88,139.43,139.52,42237004,0.0,0.0,AAPL,0.02663723325974976,0.026288639003571417,0.018673746721965496,132.966,134.0974,162
2024-05-17 02:23:41.283563,139.24,139.13,135.14,137.1,66449670,0.0,0.0,AAPL,-0.01734518348623859,-0.01749737359240085,0.019225715655742718,133.23399999999998,134.20860000000002,163
2024-05-20 02:23:41.283563,137.83,141.81,138.92,140.23,52912994,0.0,0.0,AAPL,0.022830051057622036,0.022573345170290582,0.01975833807342627,133.6155,134.3912,164
2024-05-21 02:23:41.283563,140.66,141.7,140.99,141.69,74625044,0.0,0.0,AAPL,0.01041146687584682,0.01035764083757601,0.01954688673067466,133.954,134.5804,165
2024-05-22 02:23:41.283563,142.17,146.69,141.45,144.29,35591765,0.0,0.0,AAPL,0.018349918836897405,0.01818359073302889,0.01862012968117815,134.598,134.8202,166
2024-05-23 02:23:41.283563,143.3,150.26,149.96,150.19,67815806,0.0,0.0,AAPL,0.04088987455818138,0.04007599590832496,0.018602620285456548,135.72050000000002,135.25459999999998,167
2024-05-24 02:23:41.283563,151.1,151.56,147.03,149.57,38895276,0.0,0.0,AAPL,-0.004128104401092014,-0.004136648546254243,0.01876925753668416,136.72949999999997,135.5966,168
2024-05-27 02:23:41.283563,149.77,148.29,146.06,147.42,45898229,0.0,0.0,AAPL,-0.014374540349000542,-0.014478854910092532,0.019391426074004056,137.5805,135.84220000000002,169
2024-05-28 02:23:41.283563,147.15,146.86,142.81,144.76,41403235,0.0,0.0,AAPL,-0.018043684710351338,-0.018208457065601022,0.020142132391465322,138.25600000000003,135.975,170
2024-05-29 02:23:41.283563,144.86,143.59,140.39,142.38,38712833,0.0,0.0,AAPL,-0.01644100580270791,-0.016577659019814468,0.020682249943820917,138.755,136.12279999999998,171
2024-05-30 02:23:41.283563,141.11,143.06,140.35,142.3,86928321,0.0,0.0,AAPL,-0.0005618766680712817,-0.000562034579920436,0.02029512660682143,139.3415,136.16459999999998,172
2024-05-31 02:23:41.283563,142.59,143.98,139.84,143.44,46428067,0.0,0.0,AAPL,0.008011243851018923,0.007979324201070703,0.020305706709012994,139.9425,136.3332,173
2024-06-03 02:23:41.283563,142.7,144.96,143.88,144.4,94534283,0.0,0.0,AAPL,0.006692693809258188,0.006670397161848378,0.02029699098219248,140.5395,136.4716,174
2024-06-04 02:23:41.283563,143.42,150.79,142.85,147.0,97744489,0.0,0.0,AAPL,0.018005540166204925,0.017845360320010387,0.019989226924378652,141.363,136.4892,175
2024-06-05 02:23:41.283563,145.88,149.99,146.1,147.2,67844535,0.0,0.0,AAPL,0.0013605442176869431,0.0013596195160394302,0.018217229629064958,141.9275,136.5846,176
2024-06-06 02:23:41.283563,148.01,152.45,150.76,151.62,35725084,0.0,0.0,AAPL,0.030027173913043548,0.029585184333382062,0.01905693150204735,142.63299999999998,136.8078,177
2024-06-07 02:23:41.283563,151.15,151.74,150.37,150.96,53091118,0.0,0.0,AAPL,-0.004352987732489044,-0.004362489567863008,0.017856130546863205,143.478,137.00639999999999,178
2024-06-10 02:23:41.283563,152.12,161.5,158.79,159.95,84829919,0.0,0.0,AAPL,0.05955219925808142,0.057846365335232054,0.02143292843153341,144.668,137.41719999999998,179
2024-06-11 02:23:41.283563,159.52,165.27,161.82,162.33,52554304,0.0,0.0,AAPL,0.014879649890590985,0.014770033927226752,0.02041047162180538,146.1125,137.982,180
2024-06-12 02:23:41.283563,160.95,161.1,158.04,159.52,31526291,0.0,0.0,AAPL,-0.0173104170516849,-0.017461994109225453,0.021187091217539134,147.2935,138.48239999999998,181
2024-06-13 02:23:41.283563,158.63,157.64,153.77,156.02,66758868,0.0,0.0,AAPL,-0.021940822467402255,-0.022185102053361175,0.021745905930762255,148.11849999999998,138.98059999999998,182
2024-06-14 02:23:41.283563,156.99,158.98,155.53,157.77,88384063,0.0,0.0,AAPL,0.011216510703755844,0.011154072109195355,0.021071548568917062,149.152,139.4792,183
2024-06-17 02:23:41.283563,157.65,158.85,155.25,157.21,84694479,0.0,0.0,AAPL,-0.003549470748558048,-0.0035557850659400122,0.020869876731714407,150.001,140.0242,184
2024-06-18 02:23:41.283563,156.78,159.69,158.11,159.68,38134235,0.0,0.0,AAPL,0.015711468736085532,0.015589321359731362,0.020963153960116436,150.9005,140.5122,185
2024-06-19 02:23:41.283563,159.81,163.89,160.3,161.48,75457346,0.0,0.0,AAPL,0.011272545090180275,0.011209483421586137,0.02080640598294713,151.76,141.0846,186
2024-06-20 02:23:41.283563,161.88,162.17,160.85,161.4,41537819,0.0,0.0,AAPL,-0.0004954173891502656,-0.0004955401488915498,0.01912798038220428,152.32049999999998,141.6724,187
2024-06-21 02:23:41.283563,162.31,160.39,158.3,158.71,41365565,0.0,0.0,AAPL,-0.016666666666666607,-0.016807118316381174,0.019600341175416345,152.7775,142.1514,188
2024-06-24 02:23:41.283563,159.86,153.87,153.62,153.72,90555382,0.0,0.0,AAPL,-0.031440993006111806,-0.03194587182282403,0.020741701840410968,153.0925,142.6068,189
2024-06-25 02:23:41.283563,153.44,154.66,151.15,152.44,43725171,0.0,0.0,AAPL,-0.008326827998959119,-0.008361689690983694,0.020350301295825757,153.4765,143.0198,190
2024-06-26 02:23:41.283563,151.43,157.09,154.37,155.35,44743550,0.0,0.0,AAPL,0.019089477827341828,0.01890955983339687,0.020133552322670972,154.125,143.41039999999998,191
2024-06-27 02:23:41.283563,155.03,158.15,153.25,156.2,25049004,0.0,0.0,AAPL,0.005471515931766868,0.005456601566529072,0.02009795976875883,154.82,143.91299999999998,192
2024-06-28 02:23:41.283563,156.4,152.64,150.09,152.38,90300177,0.0,0.0,AAPL,-0.024455825864276526,-0.02475983636072196,0.0211155170258775,155.267,144.3258,193
2024-07-01 02:23:41.283563,151.64,155.42,151.71,153.1,84444610,0.0,0.0,AAPL,0.004725029531434499,0.004713901618774411,0.02110314884418577,155.702,144.7358,194
2024-07-02 02:23:41.283563,152.36,156.39,152.56,154.5,72049670,0.0,0.0,AAPL,0.009144350097975318,0.009102793674162219,0.020866281314580258,156.077,145.1274,195
2024-07-03 02:23:41.283563,154.77,154.14,151.23,151.81,81269932,0.0,0.0,AAPL,-0.017411003236245892,-0.01756435739317633,0.021346150870931235,156.3075,145.53539999999998,196
2024-07-04 02:23:41.283563,151.77,153.76,151.51,152.46,36403642,0.0,0.0,AAPL,0.004281667874316719,0.004272527615504097,0.020302363522981995,156.3495,146.0298,197
2024-07-05 02:23:41.283563,152.49,154.07,151.63,152.8,59374269,0.0,0.0,AAPL,0.0022300931391840972,0.0022276101722924486,0.020273403835482016,156.4415,146.498,198
2024-07-08 02:23:41.283563,152.22,151.49,148.51,149.64,51341454,0.0,0.0,AAPL,-0.020680628272251478,-0.020897467252474898,0.015384124209682543,155.926,146.8828,199
2024-07-09 02:23:41.283563,149.47,151.29,150.16,150.84,32033239,0.0,0.0,AAPL,0.008019246190858142,0.007987262910211054,0.015031936703167222,155.3515,147.27460000000002,200
2024-07-10 02:23:41.283563,150.14,155.29,149.56,152.69,61459786,0.0,0.0,AAPL,0.012264651286130857,0.012190049805263774,0.015062303505293206,155.01,147.6804,201
2024-07-11 02:23:41.283563,153.37,158.49,152.3,156.25,94055473,0.0,0.0,AAPL,0.023315213831947013,0.023047566421090532,0.015318340168341469,155.0215,148.194,202
2024-07-12 02:23:41.283563,157.06,159.93,158.72,159.8,28004433,0.0,0.0,AAPL,0.022720000000000073,0.022465744715663486,0.015956977792623613,155.123,148.7616,203
2024-07-15 02:23:41.283563,158.32,155.47,154.26,155.36,46859568,0.0,0.0,AAPL,-0.027784730913642086,-0.028178028789159548,0.017175234703059192,155.03050000000002,149.21959999999999,204
2024-07-16 02:23:41.283563,154.63,153.44,150.67,152.47,40565570,0.0,0.0,AAPL,-0.01860195674562315,-0.018777149159199185,0.017189588642092093,154.67000000000002,149.6584,205
2024-07-17 02:23:41.283563,151.33,157.73,153.36,154.25,42860999,0.0,0.0,AAPL,0.011674427756279915,0.011606807401681508,0.017206352069355654,154.3085,150.0252,206
2024-07-18 02:23:41.283563,153.75,157.9,155.09,156.09,93132591,0.0,0.0,AAPL,0.011928687196110177,0.011858101184824606,0.017491016287076864,154.043,150.3968,207
2024-07-19 02:23:41.283563,156.03,160.47,157.84,157.96,60105179,0.0,0.0,AAPL,0.011980267794221344,0.011909072448126893,0.017358267328758222,154.0055,150.8748,208
2024-07-22 02:23:41.283563,156.82,171.57,169.74,170.62,59972455,0.0,0.0,AAPL,0.0801468726259813,0.07709702506210006,0.023572952436393145,154.8505,151.5642,209
2024-07-23 02:23:41.283563,169.83,173.79,171.59,172.81,82043173,0.0,0.0,AAPL,0.012835540968233472,0.01275386358535161,0.02339456145419395,155.869,152.35160000000002,210
2024-07-24 02:23:41.283563,171.94,177.7,175.73,176.92,36586915,0.0,0.0,AAPL,0.023783345871188022,0.023504927934225688,0.023550061979632015,156.94750000000002,153.172,211
2024-07-25 02:23:41.283563,177.11,182.32,175.49,180.59,61544901,0.0,0.0,AAPL,0.02074383902328747,0.020531615464125984,0.023752160738883095,158.167,153.9934,212
2024-07-26 02:23:41.283563,180.65,184.01,181.52,183.21,57248891,0.0,0.0,AAPL,0.014508001550473493,0.014403767438901233,0.02255731717671934,159.70850000000002,154.91559999999998,213
2024-07-29 02:23:41.283563,182.55,182.73,178.44,182.26,69768301,0.0,0.0,AAPL,-0.005185306478904028,-0.0051987968351723465,0.022775321656752813,161.16649999999998,155.7562,214
2024-07-30 02:23:41.283563,182.42,186.24,183.05,185.31,99966827,0.0,0.0,AAPL,0.01673433556457815,0.01659585930793677,0.022841070260774768,162.707,156.6286,215
2024-07-31 02:23:41.283563,184.8,185.51,178.17,182.52,82708667,0.0,0.0,AAPL,-0.015055852355512322,-0.015170342316715603,0.02270134932119339,164.2425,157.3932,216
2024-08-01 02:23:41.283563,182.27,184.38,181.38,181.83,54839927,0.0,0.0,AAPL,-0.0037804076265615105,-0.0037875714278984805,0.022869708340520004,165.71099999999998,158.026,217
2024-08-02 02:23:41.283563,183.35,183.81,177.26,180.16,87066478,0.0,0.0,AAPL,-0.009184403013804188,-0.009226839679977878,0.023190088176476303,167.079,158.6378,218
2024-08-05 02:23:41.283563,181.36,184.03,180.25,180.7,37803127,0.0,0.0,AAPL,0.002997335701598436,0.0029928526468571055,0.02220438444157191,168.632,159.3034,219
2024-08-06 02:23:41.283563,179.52,192.55,186.19,189.7,27284776,0.0,0.0,AAPL,0.04980630879911452,0.048605679342785674,0.023936093893056808,170.575,160.2022,220
2024-08-07 02:23:41.283563,190.49,183.65,182.02,182.67,40333627,0.0,0.0,AAPL,-0.037058513442277285,-0.037762630652376124,0.026308229849225134,172.074,161.008,221
2024-08-08 02:23:41.283563,183.41,186.64,183.66,185.39,50530866,0.0,0.0,AAPL,0.014890239229211177,0.014780467955908575,0.026139355663485776,173.531,161.8698,222
2024-08-09 02:23:41.283563,184.32,181.91,176.89,179.63,63293556,0.0,0.0,AAPL,-0.03106963698149845,-0.03156253446375665,0.027380835510247756,174.52249999999998,162.5936,223
2024-08-12 02:23:41.283563,180.36,178.65,177.5,178.14,71134685,0.0,0.0,AAPL,-0.00829482825808614,-0.008329421777020927,0.026437649737593657,175.6615,163.2684,224
2024-08-13 02:23:41.283563,179.51,183.28,181.05,182.23,93295428,0.0,0.0,AAPL,0.022959470079712663,0.022699867494240432,0.025932227227216872,177.1495,163.97299999999998,225
2024-08-14 02:23:41.283563,181.21,186.29,178.48,182.69,63239050,0.0,0.0,AAPL,0.0025242825001372537,0.002521101850514688,0.02596822764257623,178.5715,164.6828,226
2024-08-15 02:23:41.283563,181.85,180.89,176.33,178.88,62595673,0.0,0.0,AAPL,-0.020855000273687696,-0.021075537381744103,0.026782955122621563,179.71099999999998,165.22799999999998,227
2024-08-16 02:23:41.283563,179.79,177.56,174.55,176.36,28768225,0.0,0.0,AAPL,-0.014087656529516934,-0.014187829476997399,0.027168138228292192,180.631,165.736,228
2024-08-19 02:23:41.283563,176.6,181.7,176.76,179.23,27618366,0.0,0.0,AAPL,0.016273531413018683,0.016142536753768935,0.021040021956674076,181.0615,166.1216,229
2024-08-20 02:23:41.283563,179.72,177.15,175.28,176.53,66336997,0.0,0.0,AAPL,-0.015064442336662376,-0.01517906364231428,0.021254666148846368,181.2475,166.40560000000002,230
2024-08-21 02:23:41.283563,176.83,179.42,176.27,177.66,57863395,0.0,0.0,AAPL,0.006401178269982433,0.006380777740363238,0.020632304815574418,181.2845,166.7684,231
2024-08-22 02:23:41.283563,178.01,178.91,177.62,178.11,87938529,0.0,0.0,AAPL,0.002532928064842954,0.00252972560913883,0.020082215875847517,181.16049999999998,167.21020000000001,232
2024-08-23 02:23:41.283563,176.93,175.7,172.4,175.59,37050968,0.0,0.0,AAPL,-0.014148559878726652,-0.014249604979454539,0.01997705456233738,180.7795,167.5666,233
2024-08-26 02:23:41.283563,176.51,185.0,182.97,184.88,26872874,0.0,0.0,AAPL,0.05290734096474736,0.051555233994886006,0.02340799258260732,180.9105,168.12,234
2024-08-27 02:23:41.283563,185.97,192.36,185.07,187.85,58677907,0.0,0.0,AAPL,0.016064474253569827,0.01593680605385256,0.02338471893290691,181.0375,168.6834,235
2024-08-28 02:23:41.283563,187.63,180.71,177.46,179.55,42810891,0.0,0.0,AAPL,-0.044184189512909144,-0.045190051347885965,0.025264741129363583,180.889,169.0448,236
2024-08-29 02:23:41.283563,179.51,182.43,178.48,180.56,28721078,0.0,0.0,AAPL,0.005625174046226533,0.005609411837188264,0.02528835565131714,180.8255,169.428,237
2024-08-30 02:23:41.283563,179.18,179.32,174.69,178.13,79344871,0.0,0.0,AAPL,-0.013458130261408963,-0.0135495117048867,0.025387481449940928,180.724,169.8164,238
2024-09-02 02:23:41.283563,178.59,186.49,176.93,181.81,33369474,0.0,0.0,AAPL,0.02065906921910976,0.020448564926787993,0.025810471960050832,180.7795,170.3782,239
2024-09-03 02:23:41.283563,182.33,179.82,177.27,178.83,70623962,0.0,0.0,AAPL,-0.016390737583191206,-0.016526551831236542,0.023292816917799955,180.23600000000002,170.90600000000003,240
2024-09-04 02:23:41.283563,178.77,179.44,177.06,178.62,46078731,0.0,0.0,AAPL,-0.0011742996141587136,-0.0011749896442048613,0.021842952129507057,180.0335,171.3714,241
2024-09-05 02:23:41.283563,179.63,185.59,177.11,181.07,38012203,0.0,0.0,AAPL,0.013716269174784301,0.013623052576811031,0.021799836182684773,179.8175,171.86879999999996,242
2024-09-06 02:23:41.283563,180.76,188.82,182.59,185.11,53481364,0.0,0.0,AAPL,0.02231181311095165,0.02206654613904263,0.021177452170571612,180.0915,172.5234,243
2024-09-09 02:23:41.283563,185.64,180.86,176.02,180.07,85108433,0.0,0.0,AAPL,-0.027227054183998844,-0.02760457879017982,0.022053479249494006,180.188,173.06279999999998,244
2024-09-10 02:23:41.283563,179.16,180.97,178.4,178.91,54407018,0.0,0.0,AAPL,-0.006441939245848793,-0.006462778079682604,0.021468627769699516,180.022,173.551,245
2024-09-11 02:23:41.283563,178.89,179.08,176.75,177.2,81307723,0.0,0.0,AAPL,-0.009557878262813735,-0.009603847930750888,0.021542962458270778,179.7475,174.05880000000002,246
2024-09-12 02:23:41.283563,177.04,176.26,172.09,174.76,34411472,0.0,0.0,AAPL,-0.013769751693002208,-0.013865434087745394,0.021260961934323388,179.54149999999998,174.5048,247
2024-09-13 02:23:41.283563,174.95,182.68,180.28,182.12,82957856,0.0,0.0,AAPL,0.042114900434882196,0.04125220638334628,0.02307044712998391,179.8295,175.0912,248
2024-09-16 02:23:41.283563,181.79,184.28,182.21,184.1,42769999,0.0,0.0,AAPL,0.010871952558752396,0.010813277772450763,0.022923977412318792,180.073,175.78040000000001,249
2024-09-17 02:23:41.283563,183.98,182.18,175.46,179.16,75804484,0.0,0.0,AAPL,-0.02683324280282451,-0.0271998268999328,0.023517336418306667,180.2045,176.3468,250
2024-09-18 02:23:41.283563,179.9,185.86,182.79,183.14,67433616,0.0,0.0,AAPL,0.022214780084840235,0.021971626340486626,0.023969934294996605,180.4785,176.9558,251
2024-09-19 02:23:41.283563,182.74,192.88,190.1,191.96,94685853,0.0,0.0,AAPL,0.048159877689199604,0.04703612931045877,0.026119129651659214,181.171,177.67,252
2024-09-20 02:23:41.283563,190.42,200.85,194.01,196.62,54049188,0.0,0.0,AAPL,0.024275890810585565,0.02398591494873348,0.026121457079214493,182.2225,178.40640000000002,253
2024-09-23 02:23:41.283563,198.34,192.99,188.58,190.34,29962389,0.0,0.0,AAPL,-0.03193978232122874,-0.03246098529458086,0.024965739777555236,182.4955,179.10600000000002,254
2024-09-24 02:23:41.283563,191.66,189.43,185.37,188.61,26436661,0.0,0.0,AAPL,-0.009088998634023238,-0.00913055558111784,0.02484002871968253,182.5335,179.82879999999997,255
2024-09-25 02:23:41.283563,187.39,197.2,189.54,194.16,87014392,0.0,0.0,AAPL,0.029425799268331332,0.02900117035526639,0.023275775720387654,183.26399999999998,180.62699999999998,256
2024-09-26 02:23:41.283563,194.83,191.86,191.23,191.31,64355172,0.0,0.0,AAPL,-0.014678615574783671,-0.014787412423055979,0.023648972189438438,183.80149999999998,181.33140000000003,257
2024-09-27 02:23:41.283563,190.83,197.23,191.34,193.63,83143303,0.0,0.0,AAPL,0.012126914432073477,0.012053972520016783,0.02339336746571207,184.57649999999998,182.0448,258
2024-09-30 02:23:41.283563,193.88,201.05,193.73,197.47,42581920,0.0,0.0,AAPL,0.019831637659453616,0.01963755255391139,0.023363884845460516,185.35949999999997,182.58180000000002,259
2024-10-01 02:23:41.283563,197.77,196.85,190.98,193.51,50881280,0.0,0.0,AAPL,-0.020053679039854222,-0.020257483348162315,0.023549040388519855,186.0935,182.99579999999997,260
2024-10-02 02:23:41.283563,193.28,193.78,191.34,193.56,27257790,0.0,0.0,AAPL,0.0002583845796082507,0.0002583512040617883,0.02353396044963083,186.8405,183.3286,261
2024-10-03 02:23:41.283563,192.8,180.31,179.5,180.07,97111924,0.0,0.0,AAPL,-0.06969415168423232,-0.07224187774370376,0.02861665308469849,186.7905,183.3182,262
2024-10-04 02:23:41.283563,179.44,177.42,174.75,176.12,75090093,0.0,0.0,AAPL,-0.02193591381129556,-0.02218008329386095,0.028520560823323243,186.341,183.1764,263
2024-10-07 02:23:41.283563,175.32,176.56,173.81,175.4,94990381,0.0,0.0,AAPL,-0.004088121735180583,-0.004096500949470439,0.027910290357602067,186.10750000000002,183.0392,264
2024-10-08 02:23:41.283563,174.67,171.75,167.1,170.66,44912230,0.0,0.0,AAPL,-0.027023945267959038,-0.027395806829643984,0.028497107681882745,185.695,182.74620000000002,265
2024-10-09 02:23:41.283563,170.6,180.51,176.58,177.5,70859770,0.0,0.0,AAPL,0.04007969061291461,0.03929733580703176,0.029927055396001326,185.70999999999998,182.6458,266
2024-10-10 02:23:41.283563,176.87,173.34,171.25,172.21,75887497,0.0,0.0,AAPL,-0.029802816901408402,-0.030255946598662344,0.030538270061072577,185.5825,182.4534,267
2024-10-11 02:23:41.283563,172.79,171.4,168.79,170.82,48816227,0.0,0.0,AAPL,-0.008071540560943169,-0.00810429179880704,0.028887876589245062,185.01749999999998,182.2666,268
2024-10-14 02:23:41.283563,172.09,174.33,171.58,171.61,88608192,0.0,0.0,AAPL,0.004624751200093868,0.004614089896210732,0.028765799727508857,184.39299999999997,182.0848,269
2024-10-15 02:23:41.283563,171.11,178.14,175.55,177.34,96037109,0.0,0.0,AAPL,0.03338966260707421,0.03284433353764927,0.02929893606244396,184.302,181.8376,270
2024-10-16 02:23:41.283563,177.55,174.23,170.11,172.03,91364133,0.0,0.0,AAPL,-0.029942483365287043,-0.030399913742913117,0.02952856072054391,183.74650000000003,181.6248,271
2024-10-17 02:23:41.283563,172.46,176.92,174.18,176.72,80430023,0.0,0.0,AAPL,0.02726268674068466,0.026897678902913773,0.027962074660184466,182.9845,181.4514,272
2024-10-18 02:23:41.283563,177.13,178.59,176.11,177.05,45809850,0.0,0.0,AAPL,0.001867360796740769,0.001865619446051168,0.027218967681205967,182.00600000000003,181.3998,273
2024-10-21 02:23:41.283563,177.11,173.74,173.54,173.6,46121203,0.0,0.0,AAPL,-0.019486020898051515,-0.019678376331663062,0.026704758278663015,181.169,181.30900000000003,274
2024-10-22 02:23:41.283563,174.24,175.85,173.35,175.66,97252024,0.0,0.0,AAPL,0.011866359447004537,0.011796506262721473,0.02691517054507058,180.5215,181.17759999999998,275
2024-10-23 02:23:41.283563,176.08,179.79,173.95,176.75,25771337,0.0,0.0,AAPL,0.006205169076625383,0.006185996287710883,0.02591591055799003,179.651,181.05880000000002,276
2024-10-24 02:23:41.283563,175.66,175.12,172.85,174.76,78703747,0.0,0.0,AAPL,-0.011258840169731332,-0.011322700693447083,0.02585548045571942,178.82350000000002,180.97639999999998,277
2024-10-25 02:23:41.283563,175.52,176.93,174.87,175.3,77968462,0.0,0.0,AAPL,0.0030899519340812365,0.0030851878439538956,0.025633287998578943,177.90699999999998,180.9552,278
2024-10-28 02:23:41.283563,176.08,175.21,172.26,174.17,71701715,0.0,0.0,AAPL,-0.006446092413006421,-0.006466958183495376,0.024977783262681987,176.74200000000002,180.85399999999998,279
2024-10-29 02:23:41.283563,173.51,175.57,173.33,174.87,99258163,0.0,0.0,AAPL,0.0040190618361373165,0.004011006981874724,0.024842431062186802,175.81,180.82080000000002,280
2024-10-30 02:23:41.283563,174.91,181.25,175.14,177.72,48390957,0.0,0.0,AAPL,0.016297821238634436,0.016166437342139645,0.02526802038165934,175.018,180.822,281
2024-10-31 02:23:41.283563,178.33,184.48,181.08,184.38,50497889,0.0,0.0,AAPL,0.03747467927076298,0.03678956730274054,0.02170489270974236,175.2335,180.94740000000002,282
2024-11-01 02:23:41.283563,184.19,182.46,176.38,179.79,30920455,0.0,0.0,AAPL,-0.02489424015619912,-0.025209342232244678,0.02188169808481386,175.417,181.0314,283
2024-11-04 02:23:41.283563,180.75,191.64,185.92,188.14,58209860,0.0,0.0,AAPL,0.04644307247344126,0.045396863405601826,0.024042494788078014,176.054,181.0966,284
2024-11-05 02:23:41.283563,190.37,182.53,180.46,180.74,44578639,0.0,0.0,AAPL,-0.039332412033591835,-0.040126832069995455,0.025010658485928452,176.558,180.95440000000002,285
2024-11-06 02:23:41.283563,180.03,185.08,178.07,180.47,50754002,0.0,0.0,AAPL,-0.0014938585813877303,-0.001494975500603144,0.023461140421823245,176.7065,180.97279999999998,286
2024-11-07 02:23:41.283563,179.23,183.2,182.72,183.01,87592884,0.0,0.0,AAPL,0.014074361389704526,0.013976237183984101,0.02244993307896539,177.2465,181.0218,287
2024-11-08 02:23:41.283563,183.28,185.91,182.92,184.4,95161338,0.0,0.0,AAPL,0.00759521337631841,0.007566514965302692,0.022305700835304948,177.9255,181.1472,288
2024-11-11 02:23:41.283563,185.06,182.85,181.57,182.35,38929980,0.0,0.0,AAPL,-0.011117136659436033,-0.011179393867804248,0.02256128913490116,178.4625,181.158,289
2024-11-12 02:23:41.283563,182.14,184.1,181.66,181.86,52938169,0.0,0.0,AAPL,-0.0026871401151630225,-0.0026907569569223195,0.02144173675025897,178.6885,181.2186,290
2024-11-13 02:23:41.283563,183.18,183.37,179.15,180.25,94647292,0.0,0.0,AAPL,-0.008852963818321902,-0.008892384132708445,0.02030362230173324,179.09949999999998,181.25120000000004,291
2024-11-14 02:23:41.283563,179.05,179.11,177.93,178.28,29635634,0.0,0.0,AAPL,-0.01092926490984747,-0.010989428086703421,0.019640348501712764,179.1775,181.1954,292
2024-11-15 02:23:41.283563,178.9,184.34,178.6,181.77,31927039,0.0,0.0,AAPL,0.019575947947049643,0.019386803546652363,0.020093403896922428,179.4135,181.1286,293
2024-11-18 02:23:41.283563,181.22,184.24,179.89,183.49,37209324,0.0,0.0,AAPL,0.009462507564504508,0.009418018471854755,0.01953650350296671,179.908,181.197,294
2024-11-19 02:23:41.283563,185.07,183.35,180.79,181.08,69640962,0.0,0.0,AAPL,-0.013134230748269693,-0.01322124752910441,0.01973509357246139,180.179,181.24040000000002,295
2024-11-20 02:23:41.283563,182.88,186.98,180.35,184.81,36285420,0.0,0.0,AAPL,0.020598630439584653,0.020389347729906998,0.020165598235974268,180.58200000000002,181.3926,296
2024-11-21 02:23:41.283563,184.11,191.08,183.77,186.33,97605728,0.0,0.0,AAPL,0.008224663167577528,0.008191024941656421,0.019939135085319012,181.1605,181.62399999999997,297
2024-11-22 02:23:41.283563,185.82,192.65,188.45,189.83,58503589,0.0,0.0,AAPL,0.018783878065797177,0.018609639563129145,0.020233004542933083,181.887,181.7782,298
2024-11-25 02:23:41.283563,190.65,194.7,192.31,192.74,62613847,0.0,0.0,AAPL,0.015329505346889372,0.015213195620690902,0.02021680865126048,182.8155,181.95100000000002,299
2024-11-26 02:23:41.283563,192.37,189.81,188.6,189.58,43499396,0.0,0.0,AAPL,-0.0163951437169243,-0.01653103139824576,0.020790587538174324,183.55100000000002,182.15940000000003,300
2024-11-27 02:23:41.283563,189.54,188.08,185.61,187.68,60322018,0.0,0.0,AAPL,-0.01002215423567887,-0.010072714119730215,0.020820905846568125,184.049,182.25019999999998,301
2024-11-28 02:23:41.283563,187.71,191.32,189.51,190.88,74643522,0.0,0.0,AAPL,0.01705029838022165,0.01690657344444065,0.019496416292687977,184.374,182.2286,302
2024-11-29 02:23:41.283563,189.05,194.72,193.38,193.6,81338285,0.0,0.0,AAPL,0.014249790444258226,0.01414921649287071,0.018608110531169165,185.0645,182.16819999999998,303
2024-12-02 02:23:41.283563,193.59,198.47,193.46,193.86,81540106,0.0,0.0,AAPL,0.0013429752066116407,0.0013420742219853172,0.01567985375524214,185.3505,182.23859999999996,304
2024-12-03 02:23:41.283563,193.19,196.28,193.49,194.66,68341833,0.0,0.0,AAPL,0.004126689363458169,0.004118197933885665,0.012367997402218422,186.0465,182.3596,305
2024-12-04 02:23:41.283563,194.18,203.35,198.67,200.36,92826983,0.0,0.0,AAPL,0.02928182472002483,0.028861301491068667,0.013535509469650138,187.041,182.4836,306
2024-12-05 02:23:41.283563,201.81,198.38,197.61,198.13,86305588,0.0,0.0,AAPL,-0.01112996606109018,-0.011192367583248654,0.013848026290948858,187.79700000000003,182.62,307
2024-12-06 02:23:41.283563,196.88,205.97,199.39,201.01,81778608,0.0,0.0,AAPL,0.014535910765658855,0.014431277159137168,0.014026892002714685,188.6275,182.76760000000002,308
2024-12-09 02:23:41.283563,201.82,202.93,197.72,200.46,29170414,0.0,0.0,AAPL,-0.002736182279488464,-0.002739932468584477,0.013658821928132012,189.53300000000002,182.8274,309
2024-12-10 02:23:41.283563,200.18,200.02,197.62,199.85,25515847,0.0,0.0,AAPL,-0.003043001097475906,-0.003047640439387739,0.01366936263323747,190.4325,182.95420000000001,310
2024-12-11 02:23:41.283563,199.57,208.04,203.54,205.18,40933545,0.0,0.0,AAPL,0.026670002501876455,0.026320557502234207,0.014100843259365415,191.679,183.1866,311
2024-12-12 02:23:41.283563,205.99,211.2,206.6,209.48,74764269,0.0,0.0,AAPL,0.020957208304902997,0.02074062675172023,0.013815247888979155,193.23899999999998,183.7748,312
2024-12-13 02:23:41.283563,209.83,214.27,212.92,214.0,55839811,0.0,0.0,AAPL,0.02157723887721974,0.02134774561056451,0.013909013897863412,194.85049999999998,184.53240000000002,313
2024-12-16 02:23:41.283563,214.61,222.78,219.44,221.14,55180469,0.0,0.0,AAPL,0.033364485981308256,0.032819970092404074,0.014999489078004101,196.733,185.4472,314
2024-12-17 02:23:41.283563,222.21,224.51,220.4,221.71,91344016,0.0,0.0,AAPL,0.0025775526815592364,0.002574236489863007,0.014139446829344288,198.76450000000003,186.4682,315
2024-12-18 02:23:41.283563,221.34,226.57,222.79,225.8,92167213,0.0,0.0,AAPL,0.01844752153714313,0.018279430111442983,0.01406470585076409,200.814,187.43419999999998,316
2024-12-19 02:23:41.283563,225.1,228.0,220.99,224.55,93188144,0.0,0.0,AAPL,-0.005535872453498625,-0.005551252181814541,0.014494356127580113,202.725,188.481,317
2024-12-20 02:23:41.283563,223.34,231.09,223.77,226.81,48540855,0.0,0.0,AAPL,0.010064573591627601,0.010014263058597324,0.01432971352268886,204.574,189.60080000000002,318
2024-12-23 02:23:41.283563,225.88,230.26,224.6,226.57,76829185,0.0,0.0,AAPL,-0.0010581544023632317,-0.0010587146429817727,0.014419135729185767,206.26550000000003,190.7,319
2024-12-24 02:23:41.283563,229.91,229.17,225.27,227.55,45372488,0.0,0.0,AAPL,0.0043253740565829535,0.004316046513288222,0.013255124155389264,208.164,191.7042,320
2024-12-25 02:23:41.283563,228.97,233.09,230.83,231.35,39295737,0.0,0.0,AAPL,0.01669962645572398,0.016561720890357616,0.012537361236153191,210.3475,192.8906,321
2024-12-26 02:23:41.283563,229.79,228.87,224.52,227.03,38847434,0.0,0.0,AAPL,-0.018673006267559966,-0.018849548013474694,0.014024769029733741,212.15500000000003,193.8968,322
2024-12-27 02:23:41.283563,225.53,241.18,237.76,239.4,50658071,0.0,0.0,AAPL,0.0544861912522574,0.053053625784338865,0.017341141855653334,214.445,195.1438,323
2024-12-30 02:23:41.283563,239.98,234.13,231.31,233.79,57246821,0.0,0.0,AAPL,-0.023433583959899806,-0.02371251660029357,0.018870882720269606,216.4415,196.34759999999997,324
2024-12-31 02:23:41.283563,234.43,228.25,224.86,226.67,87321187,0.0,0.0,AAPL,-0.030454681551820073,-0.03092806124731412,0.020874319611623438,218.042,197.3678,325
2025-01-01 02:23:41.283563,227.29,237.88,231.01,234.01,33991832,0.0,0.0,AAPL,0.03238187673710691,0.03186863421105544,0.021052616246946994,219.72450000000003,198.513,326
2025-01-02 02:23:41.283563,233.71,242.01,238.94,239.35,80119438,0.0,0.0,AAPL,0.022819537626597164,0.022563066351197498,0.020795997270175892,221.7855,199.8048,327
2025-01-03 02:23:41.283563,239.2,243.93,241.76,243.77,64859118,0.0,0.0,AAPL,0.01846668059327361,0.018298241955467642,0.020862587287162122,223.92350000000002,201.1742,328
2025-01-06 02:23:41.283563,244.17,252.39,246.94,248.22,46595900,0.0,0.0,AAPL,0.018254912417442704,0.018090291907389647,0.020721215130016683,226.31149999999997,202.6552,329
2025-01-07 02:23:41.283563,248.33,249.45,246.01,248.69,61961468,0.0,0.0,AAPL,0.0018934815889131151,0.0018916912123231615,0.020574711693468407,228.75349999999997,204.1316,330
2025-01-08 02:23:41.283563,245.93,245.4,237.69,243.55,47495655,0.0,0.0,AAPL,-0.020668301901966224,-0.020884880661146497,0.021406440520375384,230.67200000000003,205.44819999999999,331
2025-01-09 02:23:41.283563,243.27,245.38,240.72,244.58,69706146,0.0,0.0,AAPL,0.004229111065489732,0.004220193508672244,0.021233546196751406,232.427,206.65219999999997,332
2025-01-10 02:23:41.283563,243.54,242.84,237.28,240.76,57538294,0.0,0.0,AAPL,-0.015618611497260737,-0.01574186708165388,0.021606348119885634,233.76500000000001,207.8716,333
2025-01-13 02:23:41.283563,240.97,251.6,244.96,247.66,37330414,0.0,0.0,AAPL,0.028659245721880833,0.028256251107382578,0.02131786908389765,235.09100000000004,209.062,334
2025-01-14 02:23:41.283563,251.36,248.66,246.88,247.26,33743730,0.0,0.0,AAPL,-0.0016151174997981466,-0.0016164232081715758,0.021372734072360785,236.36849999999998,210.39239999999998,335
2025-01-15 02:23:41.283563,247.71,243.36,237.98,242.24,66002176,0.0,0.0,AAPL,-0.020302515570654323,-0.020511444329696978,0.021904528581921098,237.19050000000001,211.62779999999998,336
2025-01-16 02:23:41.283563,241.86,246.81,238.78,240.68,92680977,0.0,0.0,AAPL,-0.006439894319682948,-0.006460719896932944,0.02192561295890222,237.99699999999999,212.78119999999998,337
2025-01-17 02:23:41.283563,241.79,248.71,241.31,243.98,50796826,0.0,0.0,AAPL,0.013711151736745864,0.013618004368440496,0.021996365666858076,238.85549999999998,213.97279999999998,338
2025-01-20 02:23:41.283563,244.57,246.26,238.92,240.73,79975008,0.0,0.0,AAPL,-0.013320763997048957,-0.013410281221103396,0.022310018910051906,239.56349999999998,215.1404,339
2025-01-21 02:23:41.283563,241.23,237.42,234.98,235.86,74399601,0.0,0.0,AAPL,-0.020230133344410706,-0.02043756483766414,0.022916320875866467,239.97899999999998,216.22039999999998,340
2025-01-22 02:23:41.283563,236.57,239.49,235.74,237.92,94866618,0.0,0.0,AAPL,0.008733994742643914,0.00869607405002096,0.022716520593307366,240.30750000000003,217.37379999999996,341
2025-01-23 02:23:41.283563,240.37,243.3,239.75,239.94,86573576,0.0,0.0,AAPL,0.008490248823133761,0.008454409374936986,0.022245005667375334,240.95300000000003,218.607,342
2025-01-24 02:23:41.283563,238.58,241.39,233.37,237.31,67495394,0.0,0.0,AAPL,-0.010961073601733706,-0.011021588782855165,0.01882350438621595,240.8485,219.71779999999998,343
2025-01-27 02:23:41.283563,237.88,235.15,233.67,235.03,74277287,0.0,0.0,AAPL,-0.009607686148919159,-0.0096541377330898,0.018170611251553753,240.9105,220.7486,344
2025-01-28 02:23:41.283563,233.95,237.25,236.83,236.83,92378984,0.0,0.0,AAPL,0.0076585967748799,0.007629418603805312,0.01670122841003641,241.4185,221.86360000000002,345
2025-01-29 02:23:41.283563,237.49,232.07,225.81,229.09,54963908,0.0,0.0,AAPL,-0.03268167039648695,-0.03322764472938557,0.01687462043686008,241.17249999999999,222.74920000000003,346
2025-01-30 02:23:41.283563,228.04,225.12,221.5,221.68,49509602,0.0,0.0,AAPL,-0.03234536644986685,-0.03288003889053367,0.017292259596280637,240.28900000000004,223.45620000000002,347
2025-01-31 02:23:41.283563,221.22,220.19,217.57,218.46,25810831,0.0,0.0,AAPL,-0.014525442078671902,-0.014631969139325839,0.016628823372416498,239.02349999999996,224.02880000000002,348
2025-02-03 02:23:41.283563,218.13,220.58,213.86,217.8,86991330,0.0,0.0,AAPL,-0.0030211480362537513,-0.003025720916536956,0.015694625485882727,237.5025,224.53,349
2025-02-04 02:23:41.283563,218.87,220.2,219.62,219.84,85073552,0.0,0.0,AAPL,0.009366391184572942,0.009322798535124362,0.01598861547764831,236.06,225.1352,350
2025-02-05 02:23:41.283563,220.85,232.04,223.01,228.08,32834088,0.0,0.0,AAPL,0.037481804949053954,0.03679643557043213,0.0183049614490162,235.2865,225.94320000000005,351
2025-02-06 02:23:41.283563,226.65,236.57,233.01,233.03,68264303,0.0,0.0,AAPL,0.021702911259207314,0.021470756037830344,0.019074858985691473,234.709,226.78619999999998,352
2025-02-07 02:23:41.283563,233.09,234.71,231.31,232.65,59798627,0.0,0.0,AAPL,-0.0016306913272968737,-0.0016320223515893188,0.018813274439134352,234.30349999999999,227.56719999999999,353
2025-02-10 02:23:41.283563,231.82,235.13,230.93,232.98,33903182,0.0,0.0,AAPL,0.0014184397163119478,0.0014174346809733152,0.017448105419170207,233.56949999999998,228.34960000000004,354
2025-02-11 02:23:41.283563,231.52,233.34,226.77,228.39,98542617,0.0,0.0,AAPL,-0.019701261910893608,-0.019897918985399998,0.017841928690860372,232.62600000000003,229.02419999999998,355
2025-02-12 02:23:41.283563,228.14,229.6,228.27,228.71,41102191,0.0,0.0,AAPL,0.001401112132755511,0.0014001314910370359,0.01744157635871806,231.9495,229.5912,356
2025-02-13 02:23:41.283563,228.36,230.38,226.0,227.78,30042563,0.0,0.0,AAPL,-0.004066284814831067,-0.004074574631062828,0.01742303398213415,231.30450000000002,230.18419999999998,357
2025-02-14 02:23:41.283563,230.55,230.57,228.86,229.69,69613553,0.0,0.0,AAPL,0.008385284046009245,0.008350322855458054,0.01719978141119704,230.59,230.75780000000003,358
2025-02-17 02:23:41.283563,230.19,230.81,221.65,226.37,80415000,0.0,0.0,AAPL,-0.01445426444338016,-0.014559744986628672,0.017237846407750078,229.872,231.27599999999998,359
2025-02-18 02:23:41.283563,224.81,232.78,227.22,229.17,27433258,0.0,0.0,AAPL,0.012369130185095223,0.012293257506343608,0.017056117806917525,229.5375,231.86239999999998,360
2025-02-19 02:23:41.283563,228.53,238.93,234.1,236.78,74403822,0.0,0.0,AAPL,0.03320678971942237,0.03266735376211225,0.01861998313205494,229.48049999999998,232.49439999999998,361
2025-02-20 02:23:41.283563,237.99,238.91,234.14,236.66,64921890,0.0,0.0,AAPL,-0.0005067995607737075,-0.0005069280270773855,0.01851050132422558,229.3165,233.03799999999998,362
2025-02-21 02:23:41.283563,239.13,240.18,238.1,239.19,32744875,0.0,0.0,AAPL,0.010690441984281263,0.010633703226101004,0.018501200442688354,229.4105,233.5418,363
2025-02-24 02:23:41.283563,237.29,248.64,238.49,243.55,37939290,0.0,0.0,AAPL,0.018228186797107027,0.01806404507003802,0.018741736912542297,229.83649999999997,233.99,364
2025-02-25 02:23:41.283563,241.26,244.59,239.72,241.74,67598072,0.0,0.0,AAPL,-0.007431738862656578,-0.007459491821240808,0.01880342690936256,230.08200000000002,234.39059999999998,365
2025-02-26 02:23:41.283563,244.0,244.33,238.61,243.53,47226821,0.0,0.0,AAPL,0.007404649623562465,0.00737736978785303,0.01705787444621275,230.804,234.7452,366
2025-02-27 02:23:41.283563,244.0,246.57,243.76,244.08,95373679,0.0,0.0,AAPL,0.0022584486510903723,0.0022559021892503916,0.01487861263647611,231.92399999999998,235.13580000000002,367
2025-02-28 02:23:41.283563,243.02,248.61,242.15,245.15,86405517,0.0,0.0,AAPL,0.004383808587348437,0.004374227688828081,0.014160807172226068,233.2585,235.50259999999997,368
2025-03-03 02:23:41.283563,245.8,242.77,238.49,241.1,98767540,0.0,0.0,AAPL,-0.016520497654497257,-0.016658482910116904,0.014909068263474394,234.42350000000002,235.79319999999998,369
2025-03-04 02:23:41.283563,237.92,245.87,239.87,241.74,44475312,0.0,0.0,AAPL,0.0026545002073827817,0.002650983244185486,0.01488585482304445,235.5185,236.077,370
2025-03-05 02:23:41.283563,241.74,251.87,240.64,245.26,97729272,0.0,0.0,AAPL,0.014561098701083797,0.01445610390256907,0.01300610294882813,236.3775,236.3552,371
2025-03-06 02:23:41.283563,245.66,255.76,252.57,254.86,57342540,0.0,0.0,AAPL,0.03914213487727314,0.03839550245025315,0.01474383597503864,237.469,236.9118,372
2025-03-07 02:23:41.283563,256.03,267.79,261.61,261.64,51063909,0.0,0.0,AAPL,0.026602840775327596,0.026255138308878864,0.015451564459043221,238.9185,237.3566,373
2025-03-10 02:23:41.283563,260.31,276.97,275.43,276.27,28776214,0.0,0.0,AAPL,0.055916526524996124,0.0544091353083733,0.0189990181125191,241.083,238.20620000000002,374
2025-03-11 02:23:41.283563,276.38,272.47,267.86,271.45,28957394,0.0,0.0,AAPL,-0.01744670069135268,-0.01760068804992527,0.018827383555462904,243.23600000000002,239.1018,375
2025-03-12 02:23:41.283563,270.19,279.31,273.55,278.06,76900844,0.0,0.0,AAPL,0.024350709154540517,0.02405895738993725,0.01904827228498574,245.7035,239.98280000000003,376
2025-03-13 02:23:41.283563,278.42,285.96,273.54,279.99,59344674,0.0,0.0,AAPL,0.006940947996835201,0.006916970504367759,0.018777976240557236,248.31400000000002,240.7956,377
2025-03-14 02:23:41.283563,278.74,302.0,289.5,296.22,41989121,0.0,0.0,AAPL,0.05796635594128374,0.056348533253061606,0.02154756984627152,251.64049999999997,241.84459999999999,378
2025-03-17 02:23:41.283563,295.61,291.19,287.16,290.63,71047772,0.0,0.0,AAPL,-0.018871109310647616,-0.01905144100412291,0.02186423771867487,254.8535,242.69280000000003,379
2025-03-18 02:23:41.283563,289.19,286.54,282.6,285.02,43964358,0.0,0.0,AAPL,-0.019302893713656566,-0.01949162724963765,0.02301348530861936,257.646,243.4194,380
2025-03-19 02:23:41.283563,285.95,285.51,279.22,281.27,68322381,0.0,0.0,AAPL,-0.013156971440600684,-0.013244291143600345,0.023016388512698306,259.8705,244.1738,381
2025-03-20 02:23:41.283563,282.48,267.97,266.88,267.49,51940656,0.0,0.0,AAPL,-0.04899207167490305,-0.05023287964174297,0.026367974963619832,261.412,244.632,382
2025-03-21 02:23:41.283563,267.17,268.38,261.56,264.76,86766416,0.0,0.0,AAPL,-0.01020598900893499,-0.01025842720900078,0.026604838131412425,262.6905,245.112,383
2025-03-24 02:23:41.283563,264.81,263.07,258.69,260.64,86552212,0.0,0.0,AAPL,-0.015561263030669292,-0.01568361039698705,0.026820932615058187,263.545,245.3716,384
2025-03-25 02:23:41.283563,258.75,263.58,261.89,262.03,60801279,0.0,0.0,AAPL,0.0053330263965623015,0.005318856169094092,0.026692800112788535,264.55949999999996,245.667,385
2025-03-26 02:23:41.283563,261.64,271.67,261.88,264.53,51311433,0.0,0.0,AAPL,0.009540892264244594,0.009495665393881848,0.026709839047508913,265.60949999999997,246.11280000000002,386
2025-03-27 02:23:41.283563,264.47,277.78,272.53,276.19,52191984,0.0,0.0,AAPL,0.04407817638831135,0.04313436825495945,0.028126178378691618,267.21500000000003,246.82299999999998,387
2025-03-28 02:23:41.283563,279.81,287.18,280.27,282.6,85428589,0.0,0.0,AAPL,0.023208660704587603,0.022943435578756895,0.028363131818268595,269.0875,247.5954,388
2025-03-31 02:23:41.283563,281.03,282.02,277.56,279.31,49613461,0.0,0.0,AAPL,-0.011641896673743934,-0.011710194145034401,0.028165861432739567,270.998,248.36699999999996,389
2025-04-01 02:23:41.283563,281.36,276.92,271.81,273.95,40679453,0.0,0.0,AAPL,-0.019190147148329895,-0.01937666812096814,0.02879071740068421,272.6085,249.1288,390
2025-04-02 02:23:41.283563,275.32,277.93,276.75,277.41,31351625,0.0,0.0,AAPL,0.012630041978463291,0.012550948273232282,0.02876606582578304,274.216,249.9186,391
2025-04-03 02:23:41.283563,277.8,274.87,267.99,270.02,60001984,0.0,0.0,AAPL,-0.026639270394001824,-0.027000525928557038,0.028605676647054722,274.97400000000005,250.52020000000002,392
2025-04-04 02:23:41.283563,272.39,282.74,280.2,281.38,61159907,0.0,0.0,AAPL,0.042070957706836554,0.04121003861996712,0.029465673551851368,275.961,251.4016,393
2025-04-07 02:23:41.283563,281.9,290.76,289.14,289.54,88068153,0.0,0.0,AAPL,0.028999928921742857,0.028587387776830342,0.027522722646329212,276.6245,252.4918,394
2025-04-08 02:23:41.283563,290.1,287.06,283.77,287.01,41592902,0.0,0.0,AAPL,-0.008737998204047859,-0.008776398367711923,0.027254699404878794,277.4025,253.49540000000002,395
2025-04-09 02:23:41.283563,286.93,279.69,274.07,276.47,53574345,0.0,0.0,AAPL,-0.03672345911292274,-0.03741474237808954,0.02815967191072711,277.323,254.44299999999998,396
2025-04-10 02:23:41.283563,278.16,289.54,278.91,285.39,85630430,0.0,0.0,AAPL,0.03226389843382638,0.03175434990637933,0.029039604473351098,277.59299999999996,255.71719999999996,397
2025-04-11 02:23:41.283563,286.96,289.88,279.58,285.16,86771770,0.0,0.0,AAPL,-0.0008059147131993516,-0.0008062396370474965,0.025802494686182807,277.04,257.05120000000005,398
2025-04-14 02:23:41.283563,284.27,299.41,292.71,294.0,53845830,0.0,0.0,AAPL,0.03100014027212783,0.0305293410892538,0.026445821068391124,277.2085,258.5752,399
2025-04-15 02:23:41.283563,292.06,283.46,280.02,283.09,59434301,0.0,0.0,AAPL,-0.03710884353741506,-0.0378148990520542,0.0274429639501894,277.11199999999997,259.8402,400
2025-04-16 02:23:41.283563,282.81,282.9,277.29,279.49,47746441,0.0,0.0,AAPL,-0.01271680384330065,-0.012798354506840831,0.02743201618028993,277.023,260.8684,401
2025-04-17 02:23:41.283563,278.37,281.32,274.32,280.09,94941615,0.0,0.0,AAPL,0.0021467673262012266,0.002144466313795174,0.024886394012364033,277.653,261.8096,402
2025-04-18 02:23:41.283563,280.0,288.2,279.19,281.0,33898282,0.0,0.0,AAPL,0.003248955692813027,0.003243689240163915,0.02470326534600317,278.46500000000003,262.7766,403
2025-04-21 02:23:41.283563,282.74,283.75,274.07,278.45,95031206,0.0,0.0,AAPL,-0.009074733096085419,-0.009116159298068163,0.024484635314267037,279.3555,263.686,404
2025-04-22 02:23:41.283563,277.81,286.49,279.6,283.25,76289983,0.0,0.0,AAPL,0.01723828335428257,0.017091389872438016,0.02467312903221954,280.4165,264.7832,405
2025-04-23 02:23:41.283563,283.19,281.22,274.38,276.39,64867911,0.0,0.0,AAPL,-0.024218887908208364,-0.024516988119165382,0.02543092565667672,281.0095,265.7368,406
2025-04-24 02:23:41.283563,276.47,277.64,275.24,275.97,27449429,0.0,0.0,AAPL,-0.001519591881037563,-0.0015207476317746994,0.023476179614694,280.9985,266.7006,407
2025-04-25 02:23:41.283563,277.14,278.81,275.32,277.35,60669714,0.0,0.0,AAPL,0.005000543537341029,0.004988082344067977,0.0228833911961342,280.736,267.6538,408
2025-04-28 02:23:41.283563,274.23,286.21,276.89,281.3,55581107,0.0,0.0,AAPL,0.014241932576167349,0.01414146899456767,0.022963134448538848,280.8355,268.7524,409
2025-04-29 02:23:41.283563,280.45,290.26,283.79,286.42,37091410,0.0,0.0,AAPL,0.018201208674013536,0.018037549554745354,0.022788104789507595,281.459,269.8974,410
2025-04-30 02:23:41.283563,286.73,280.44,276.66,279.09,74230720,0.0,0.0,AAPL,-0.025591788282941286,-0.02592495460197969,0.023483723499307774,281.543,270.7436,411
2025-05-01 02:23:41.283563,280.76,272.1,266.41,268.94,97836318,0.0,0.0,AAPL,-0.03636819663907698,-0.03704600405285304,0.02416767327481512,281.489,271.3892,412
2025-05-02 02:23:41.283563,268.28,281.48,275.47,278.25,67164160,0.0,0.0,AAPL,0.03461738677771997,0.03403168375993035,0.023535219987660356,281.3325,272.17040000000003,413
2025-05-05 02:23:41.283563,275.64,283.12,280.01,281.17,78606495,0.0,0.0,AAPL,0.010494159928122304,0.01043947845653738,0.022670757518642514,280.914,272.9228,414
2025-05-06 02:23:41.283563,282.04,276.95,273.44,276.37,30133783,0.0,0.0,AAPL,-0.017071522566418973,-0.017218920959606792,0.022891700389875612,280.382,273.6154,415
2025-05-07 02:23:41.283563,275.49,291.76,286.29,287.86,56325024,0.0,0.0,AAPL,0.041574700582552415,0.040733703181939945,0.02326764296235401,280.9515,274.502,416
2025-05-08 02:23:41.283563,286.15,295.33,286.65,289.32,33726886,0.0,0.0,AAPL,0.005071909956228637,0.005059091146555229,0.022192862773688146,281.148,275.4068,417
2025-05-09 02:23:41.283563,288.42,298.94,298.13,298.43,70959687,0.0,0.0,AAPL,0.03148762615788758,0.031002057488131046,0.023212210347245448,281.81149999999997,276.4724,418
2025-05-12 02:23:41.283563,298.15,301.2,298.74,299.52,95386161,0.0,0.0,AAPL,0.0036524478102066826,0.0036457938200162403,0.022231780572666348,282.0875,277.6408,419
2025-05-13 02:23:41.283563,298.62,316.39,311.01,315.23,74633329,0.0,0.0,AAPL,0.05245058760683774,0.051121337830365,0.023118708926399677,283.69449999999995,279.11060000000003,420
2025-05-14 02:23:41.283563,311.75,332.67,326.88,329.4,30760228,0.0,0.0,AAPL,0.04495130539605996,0.04397028662394779,0.02427557851105039,286.19,280.7934,421
2025-05-15 02:23:41.283563,330.87,330.2,324.0,328.03,51599965,0.0,0.0,AAPL,-0.004159077109896825,-0.0041677501272851915,0.02440341560914134,288.587,282.2568,422
2025-05-16 02:23:41.283563,330.12,341.0,336.38,336.47,66299753,0.0,0.0,AAPL,0.025729354022498097,0.02540392444809641,0.024678984564319783,291.3605,283.7534,423
2025-05-19 02:23:41.283563,337.57,345.36,340.75,342.45,55240581,0.0,0.0,AAPL,0.017772758343983064,0.017616669579563114,0.02435289982883937,294.5605,285.077,424
2025-05-20 02:23:41.283563,340.5,361.17,351.02,354.59,87523300,0.0,0.0,AAPL,0.03545043071981313,0.034836530808921455,0.024944434684001145,298.1275,286.7398,425
2025-05-21 02:23:41.283563,354.24,350.55,346.87,347.06,86100325,0.0,0.0,AAPL,-0.021235793451591878,-0.021464516790477808,0.024727028351315235,301.66099999999994,288.1198,426
2025-05-22 02:23:41.283563,347.05,359.75,352.65,353.57,70887326,0.0,0.0,AAPL,0.018757563533682964,0.018583809872916787,0.024570055128173885,305.54100000000005,289.5914,427
2025-05-23 02:23:41.283563,354.62,367.82,359.19,363.22,53009345,0.0,0.0,AAPL,0.027293039567836797,0.026927225755078138,0.02470521076332514,309.83450000000005,290.9314,428
2025-05-26 02:23:41.283563,364.44,355.55,345.07,348.58,44150228,0.0,0.0,AAPL,-0.04030615054237108,-0.041140952196817016,0.027512970550877702,313.1985,292.0904,429
2025-05-27 02:23:41.283563,347.3,343.79,335.88,338.96,32940573,0.0,0.0,AAPL,-0.027597682024212533,-0.027985652775231785,0.0287713759249499,315.82550000000003,293.16920000000005,430
2025-05-28 02:23:41.283563,339.1,322.84,320.34,322.36,51617326,0.0,0.0,AAPL,-0.04897333018645256,-0.05021317286199308,0.030657661786372185,317.989,293.991,431
2025-05-29 02:23:41.283563,323.09,326.27,316.03,320.83,55987938,0.0,0.0,AAPL,-0.004746246432559942,-0.00475754562684303,0.029039129415103736,320.5835,295.0578,432
2025-05-30 02:23:41.283563,323.16,328.43,327.05,327.09,75686719,0.0,0.0,AAPL,0.019511891032634177,0.019323974556932536,0.028537017009526513,323.0255,296.3044,433
2025-06-02 02:23:41.283563,328.25,345.43,335.08,339.25,74361986,0.0,0.0,AAPL,0.03717631232993979,0.03650193632857846,0.029249682602837283,325.9295,297.8766,434
2025-06-03 02:23:41.283563,340.59,341.09,332.07,340.48,30258110,0.0,0.0,AAPL,0.003625644804716277,0.003619087998246341,0.028606518102234267,329.135,299.4456,435
2025-06-04 02:23:41.283563,340.62,355.36,349.42,353.86,54644448,0.0,0.0,AAPL,0.03929746240601495,0.03854496797163179,0.028482152536859363,332.43500000000006,301.2322,436
2025-06-05 02:23:41.283563,356.36,346.66,341.01,343.51,38633415,0.0,0.0,AAPL,-0.029248855479568237,-0.02968513136468736,0.029844262568466187,335.1445,302.5786,437
2025-06-06 02:23:41.283563,344.21,332.17,329.3,330.96,36760952,0.0,0.0,AAPL,-0.036534598701639,-0.03721870116701341,0.031005368372254004,336.77099999999996,303.54580000000004,438
2025-06-09 02:23:41.283563,329.54,335.38,327.23,331.15,87047661,0.0,0.0,AAPL,0.0005740875030215697,0.0005739227778324402,0.031023407483027718,338.3525,304.5826,439
2025-06-10 02:23:41.283563,333.47,336.21,330.16,334.6,28143641,0.0,0.0,AAPL,0.01041823946851883,0.010364343621735182,0.02903463610764175,339.32099999999997,305.79560000000004,440
2025-06-11 02:23:41.283563,335.77,337.49,332.91,334.96,56438715,0.0,0.0,AAPL,0.0010759115361624882,0.0010753331581641972,0.027336846813854735,339.599,306.9466,441
2025-06-12 02:23:41.283563,334.22,326.71,311.34,320.32,37615274,0.0,0.0,AAPL,-0.0437067112491043,-0.04469062558403205,0.02911680844864255,339.2135,307.95259999999996,442
2025-06-13 02:23:41.283563,319.55,323.72,319.41,320.26,90949766,0.0,0.0,AAPL,-0.00018731268731264628,-0.0001873302325250552,0.028443694244934262,338.40299999999996,308.7302,443
2025-06-16 02:23:41.283563,320.74,313.17,311.55,311.64,66778038,0.0,0.0,AAPL,-0.026915631049772126,-0.027284490431673348,0.028557172115254822,336.8625,309.1722,444
2025-06-17 02:23:41.283563,312.36,317.88,312.29,316.67,42353547,0.0,0.0,AAPL,0.016140418431523695,0.016011546724207782,0.027446862471306774,334.9665,309.7654,445
2025-06-18 02:23:41.283563,316.98,320.06,314.97,319.86,62682046,0.0,0.0,AAPL,0.010073578172861364,0.010023177875859655,0.027381658232951477,333.6065,310.6332,446
2025-06-19 02:23:41.283563,320.36,315.91,312.98,313.81,79861476,0.0,0.0,AAPL,-0.01891452510473335,-0.019095692840063253,0.027048205672823216,331.6185,311.2016,447
2025-06-20 02:23:41.283563,316.48,314.95,309.15,310.83,96858850,0.0,0.0,AAPL,-0.00949619196328999,-0.009541568290891436,0.02592119980596659,328.99899999999997,311.715,448
2025-06-23 02:23:41.283563,312.49,312.24,303.99,304.14,41533450,0.0,0.0,AAPL,-0.021523019013608757,-0.021758017219457138,0.0249912048827675,326.77699999999993,311.9178,449
2025-06-24 02:23:41.283563,304.43,309.55,302.49,304.27,91463632,0.0,0.0,AAPL,0.00042743473400408405,0.00042734340980066514,0.024527229072891468,325.0425,312.3414,450
2025-06-25 02:23:41.283563,305.7,318.0,303.72,310.9,95072808,0.0,0.0,AAPL,0.021789857692181336,0.021555851942594524,0.022915646988269745,324.4695,312.9696,451
2025-06-26 02:23:41.283563,309.29,311.64,300.86,305.14,93731540,0.0,0.0,AAPL,-0.018526857510453465,-0.018700629379651994,0.023221688482042046,323.685,313.4706,452
2025-06-27 02:23:41.283563,305.74,311.62,307.19,308.71,72656076,0.0,0.0,AAPL,0.011699547748574401,0.011631637208331077,0.022899887939251923,322.76599999999996,314.02479999999997,453
2025-06-30 02:23:41.283563,311.51,308.23,302.69,305.95,72236549,0.0,0.0,AAPL,-0.008940429529331717,-0.008980634984837626,0.020915768468729574,321.101,314.5748,454
2025-07-01 02:23:41.283563,305.61,304.86,301.49,301.49,55240797,0.0,0.0,AAPL,-0.01457754535054745,-0.014684841787216987,0.020919307719011584,319.1515,314.9396,455
2025-07-02 02:23:41.283563,300.21,306.66,298.95,301.34,81429841,0.0,0.0,AAPL,-0.0004975289396000893,-0.0004976527481902332,0.01810147678185867,316.52549999999997,315.4386,456
2025-07-03 02:23:41.283563,300.35,298.08,291.8,295.17,64847051,0.0,0.0,AAPL,-0.02047521072542624,-0.020687733827358404,0.01765626162631503,314.1085,315.82259999999997,457
2025-07-04 02:23:41.283563,293.56,293.0,284.27,292.11,75807855,0.0,0.0,AAPL,-0.010366907206016851,-0.010421017887009233,0.016301631648509087,312.166,316.1178,458
2025-07-07 02:23:41.283563,290.96,288.27,278.19,284.79,57134342,0.0,0.0,AAPL,-0.0250590530964363,-0.02537837709695775,0.01675104485320055,309.848,316.1876,459
2025-07-08 02:23:41.283563,284.26,301.49,297.73,297.91,79862234,0.0,0.0,AAPL,0.046069033322799324,0.04503936090553062,0.020271434071758056,308.0135,316.4174,460
2025-07-09 02:23:41.283563,295.82,305.39,291.8,298.73,86835363,0.0,0.0,AAPL,0.0027525091470577134,0.0027487279307212265,0.020303915767623082,306.202,316.8102,461
2025-07-10 02:23:41.283563,298.75,297.0,290.69,294.41,35982719,0.0,0.0,AAPL,-0.014461219161115313,-0.014566801728921894,0.018369314479473074,304.90649999999994,317.3196,462
2025-07-11 02:23:41.283563,295.73,297.78,293.78,296.47,87469728,0.0,0.0,AAPL,0.00699704493733222,0.006972679211098891,0.018518455670445237,303.717,317.68399999999997,463
2025-07-14 02:23:41.283563,295.12,301.5,293.83,296.28,65522239,0.0,0.0,AAPL,-0.0006408742874491891,-0.000641079735157471,0.017697891980241253,302.94899999999996,317.9862,464
2025-07-15 02:23:41.283563,298.53,295.73,293.7,295.29,88349943,0.0,0.0,AAPL,-0.00334143377885765,-0.0033470288358586108,0.017152827068554012,301.88,318.3646,465
2025-07-16 02:23:41.283563,296.04,303.28,298.07,300.24,57347627,0.0,0.0,AAPL,0.01676318195672044,0.016624230517535674,0.017490280062962896,300.899,318.6122,466
2025-07-17 02:23:41.283563,301.79,306.66,306.1,306.44,53428036,0.0,0.0,AAPL,0.020650146549427095,0.02043982282185475,0.01783159808660066,300.53049999999996,318.95459999999997,467
2025-07-18 02:23:41.283563,305.44,309.65,300.99,303.03,93629554,0.0,0.0,AAPL,-0.011127790105730395,-0.011190167139417746,0.017876008722545616,300.1405,319.0466,468
2025-07-21 02:23:41.283563,304.33,305.67,297.71,299.4,43837695,0.0,0.0,AAPL,-0.011979011979011966,-0.012051338523674505,0.01742435112583648,299.9035,319.04420000000005,469
2025-07-22 02:23:41.283563,297.76,300.22,294.2,298.01,88315924,0.0,0.0,AAPL,-0.004642618570474211,-0.0046534289961687,0.01744483882154763,299.5905,318.6998,470
2025-07-23 02:23:41.283563,299.34,284.9,279.17,281.84,61301542,0.0,0.0,AAPL,-0.05425992416361869,-0.05578750895637703,0.020295247359320583,298.1375,317.7486,471
2025-07-24 02:23:41.283563,282.08,274.14,268.46,271.97,63557158,0.0,0.0,AAPL,-0.035019869429463335,-0.035647767937475205,0.021201556033904695,296.479,316.62739999999997,472
2025-07-25 02:23:41.283563,272.72,289.16,281.39,281.86,48135121,0.0,0.0,AAPL,0.03636430488656828,0.035718727667858115,0.022904976688231677,295.13649999999996,315.53520000000003,473
2025-07-28 02:23:41.283563,280.2,298.44,288.5,294.06,67978165,0.0,0.0,AAPL,0.043283899808415516,0.04237333438614613,0.02520794159344424,294.54200000000003,314.56739999999996,474
2025-07-29 02:23:41.283563,292.75,298.09,286.77,292.88,49390839,0.0,0.0,AAPL,-0.004012786506155219,-0.0040208593375303785,0.025033501433509586,294.11150000000004,313.3332,475
2025-07-30 02:23:41.283563,293.75,297.88,291.83,297.74,27945206,0.0,0.0,AAPL,0.016593826823272373,0.01645765363693045,0.02534671852130874,293.9315,312.34680000000003,476
2025-07-31 02:23:41.283563,296.33,304.62,296.69,300.72,45399895,0.0,0.0,AAPL,0.010008732451131985,0.009958976807011504,0.024983329163697377,294.209,311.2898,477
2025-08-01 02:23:41.283563,301.41,328.29,320.04,323.58,25478428,0.0,0.0,AAPL,0.07601755786113307,0.07326677932126789,0.0298637199445538,295.78249999999997,310.497,478
2025-08-04 02:23:41.283563,321.36,334.59,327.01,332.76,98376609,0.0,0.0,AAPL,0.02837010940107554,0.0279751308384964,0.029367310884981238,298.181,310.1806,479
2025-08-05 02:23:41.283563,334.18,336.03,332.14,332.47,97431040,0.0,0.0,AAPL,-0.0008714989782424576,-0.0008718789542588437,0.028028372951253558,299.909,310.0508,480
2025-08-06 02:23:41.283563,330.42,327.29,323.63,325.7,54636647,0.0,0.0,AAPL,-0.02036273949529288,-0.020572918179240285,0.02863383039802948,301.25750000000005,310.11760000000004,481
2025-08-07 02:23:41.283563,326.6,317.21,313.29,314.09,79627814,0.0,0.0,AAPL,-0.03564630027632798,-0.0362971432389826,0.029750680607244326,302.2415,309.9828,482
2025-08-08 02:23:41.283563,315.07,316.63,315.61,316.26,50935457,0.0,0.0,AAPL,0.0069088477824827965,0.006885091051965302,0.029750166027906182,303.231,309.7662,483
2025-08-11 02:23:41.283563,315.16,314.09,310.75,311.31,75331986,0.0,0.0,AAPL,-0.015651678998292562,-0.015775459809873802,0.030052003954848337,303.9825,309.2074,484
2025-08-12 02:23:41.283563,312.22,306.55,296.28,301.78,85407253,0.0,0.0,AAPL,-0.030612572676753214,-0.031090925199791567,0.03095532414996405,304.307,308.4334,485
2025-08-13 02:23:41.283563,302.17,298.44,292.95,297.84,96006718,0.0,0.0,AAPL,-0.013055868513486613,-0.013141845521043813,0.030901513346011333,304.187,307.313,486
2025-08-14 02:23:41.283563,297.04,293.12,286.12,291.06,55015920,0.0,0.0,AAPL,-0.022763900080580046,-0.023026998079281158,0.030902937742763953,303.418,306.264,487
2025-08-15 02:23:41.283563,289.59,303.03,302.13,302.96,83747348,0.0,0.0,AAPL,0.040885040885040747,0.04007135210835908,0.03226385832564852,303.4145,305.70399999999995,488
2025-08-18 02:23:41.283563,299.99,312.26,305.82,309.9,44944633,0.0,0.0,AAPL,0.02290731449696337,0.022648881200163243,0.0324971587750579,303.9395,305.279,489
2025-08-19 02:23:41.283563,310.44,312.41,306.55,310.53,99274922,0.0,0.0,AAPL,0.002032913843175166,0.0020308502700658966,0.032457199308178655,304.5655,304.7976,490
2025-08-20 02:23:41.283563,308.1,325.87,319.9,322.25,26932719,0.0,0.0,AAPL,0.037741925095803985,0.0370471267555283,0.030437815176403392,306.586,304.5434,491
2025-08-21 02:23:41.283563,322.4,324.73,320.92,323.57,70264660,0.0,0.0,AAPL,0.004096198603568579,0.004087832021740526,0.028797676321846377,309.166,304.6084,492
2025-08-22 02:23:41.283563,323.14,319.65,315.6,317.48,74462948,0.0,0.0,AAPL,-0.018821275149117578,-0.019000649618362495,0.02869264307630157,310.947,304.5528,493
2025-08-25 02:23:41.283563,318.56,333.57,328.43,330.06,76603416,0.0,0.0,AAPL,0.03962454327831666,0.03885963189274683,0.028455429386924247,312.74699999999996,304.9212,494
2025-08-26 02:23:41.283563,329.56,335.64,328.39,335.28,34029068,0.0,0.0,AAPL,0.01581530630794381,0.01569154750139416,0.028427401459007462,314.867,305.2934,495
2025-08-27 02:23:41.283563,334.73,334.34,325.35,327.54,95389733,0.0,0.0,AAPL,-0.02308518253400127,-0.023355818595094665,0.029110808366159594,316.357,305.447,496
2025-08-28 02:23:41.283563,328.74,330.42,324.79,326.79,38588745,0.0,0.0,AAPL,-0.0022897966660559987,-0.002292422259257382,0.0291332562063221,317.6605,305.7066,497
2025-08-29 02:23:41.283563,327.34,322.94,317.34,320.54,71706505,0.0,0.0,AAPL,-0.01912543223476848,-0.019310689197034457,0.02420174411894105,317.5085,305.9008,498
2025-09-01 02:23:41.283563,321.05,314.94,304.6,310.23,41700705,0.0,0.0,AAPL,-0.032164472452736015,-0.03269311570043594,0.024226561512475122,316.38199999999995,306.0226,499
2025-09-02 02:23:41.283563,310.95,323.44,317.62,318.0,48041231,0.0,0.0,AAPL,0.0250459336621216,0.0247374249151834,0.025038456073018276,315.6585,306.29720000000003,500
2025-09-03 02:23:41.283563,315.55,333.67,332.44,332.98,65984390,0.0,0.0,AAPL,0.04710691823899382,0.046031045336529415,0.026899692234016673,316.0225,306.73879999999997,501
2025-09-04 02:23:41.283563,334.24,323.56,322.72,322.8,56289506,0.0,0.0,AAPL,-0.030572406751156245,-0.03104949172091243,0.02655313775997408,316.458,307.092,502
2025-09-05 02:23:41.283563,323.79,328.68,325.5,327.8,37016920,0.0,0.0,AAPL,0.015489467162329573,0.015370729913935536,0.02671056379639576,317.03499999999997,307.4738,503
2025-09-08 02:23:41.283563,326.14,329.78,320.17,323.63,37820230,0.0,0.0,AAPL,-0.01272117144600371,-0.01280277837668985,0.02661575420658561,317.65099999999995,307.8274,504
2025-09-09 02:23:41.283563,323.24,321.0,319.4,320.67,56360859,0.0,0.0,AAPL,-0.00914624725767077,-0.009188330979075421,0.025634382223754876,318.5955,308.211,505
2025-09-10 02:23:41.283563,320.61,319.6,312.38,316.87,81796223,0.0,0.0,AAPL,-0.011850188667477557,-0.011920961825709904,0.025595157890772935,319.54699999999997,308.5216,506
2025-09-11 02:23:41.283563,316.66,314.78,308.69,310.81,92347348,0.0,0.0,AAPL,-0.019124562123268185,-0.01930980212019205,0.02541155896318457,320.53450000000004,308.83439999999996,507
2025-09-12 02:23:41.283563,311.33,315.27,311.01,311.95,31309574,0.0,0.0,AAPL,0.0036678356552233282,0.003661125548733076,0.023851730651426838,320.98400000000004,309.2312,508
2025-09-15 02:23:41.283563,314.18,308.81,303.78,306.25,54482793,0.0,0.0,AAPL,-0.018272158999839694,-0.018441156697858594,0.02370446332816911,320.8015,309.6604,509
2025-09-16 02:23:41.283563,307.9,309.26,306.5,309.02,32518417,0.0,0.0,AAPL,0.009044897959183507,0.009004237863335212,0.02379290390089811,320.726,309.8826,510
2025-09-17 02:23:41.283563,307.0,315.52,308.83,309.39,26244436,0.0,0.0,AAPL,0.0011973335059218826,0.0011966172738151395,0.022085754060516775,320.08299999999997,310.0958,511
2025-09-18 02:23:41.283563,310.35,310.46,307.43,308.38,74628901,0.0,0.0,AAPL,-0.0032644881864313247,-0.003269828252880656,0.02204354366617917,319.3235,310.3752,512
2025-09-19 02:23:41.283563,310.43,303.49,297.85,302.79,70183708,0.0,0.0,AAPL,-0.018126986185874494,-0.018293292824328723,0.022016474700555733,318.589,310.5016,513
2025-09-22 02:23:41.283563,303.37,300.39,295.42,299.54,37226433,0.0,0.0,AAPL,-0.010733511674758112,-0.010791531354628322,0.019752148664167173,317.063,310.5668,514
2025-09-23 02:23:41.283563,301.18,312.49,300.81,305.19,42535962,0.0,0.0,AAPL,0.018862255458369503,0.0186865689095171,0.019929304718671492,315.5585,310.7648,515
2025-09-24 02:23:41.283563,308.26,313.85,306.25,309.24,26778081,0.0,0.0,AAPL,0.01327042170451187,0.013183140978507304,0.019802823026775954,314.6435,310.9448,516
2025-09-25 02:23:41.283563,310.82,307.2,302.93,303.15,87621040,0.0,0.0,AAPL,-0.019693441986806448,-0.01988994193453438,0.020163619791579466,313.4615,310.879,517
2025-09-26 02:23:41.283563,303.52,310.54,303.39,304.52,98101794,0.0,0.0,AAPL,0.004519214910110536,0.004509033920272164,0.01989404099349491,312.6605,310.9088,518
2025-09-29 02:23:41.283563,306.11,314.15,307.66,310.51,35159465,0.0,0.0,AAPL,0.019670300801261087,0.01947934053607842,0.019171998959167207,312.6745,311.131,519
2025-09-30 02:23:41.283563,310.73,301.94,297.92,299.08,42360641,0.0,0.0,AAPL,-0.03681040868249008,-0.03750501084237536,0.01993036559927337,311.72850000000005,311.1524,520
2025-10-01 02:23:41.283563,299.11,305.27,303.43,303.62,90130714,0.0,0.0,AAPL,0.015179884980607294,0.015065823372854371,0.01673953981834516,310.2605,311.58799999999997,521
2025-10-02 02:23:41.283563,303.09,302.27,292.63,299.64,94484784,0.0,0.0,AAPL,-0.01310849087675392,-0.013195165424886992,0.015731454446645032,309.10249999999996,312.1414,522
